<Ticker>,<DTYYYYMMDD>,<OpenFixed>,<HighFixed>,<LowFixed>,<CloseFixed>,<Volume>
HNG,20150720,33.6000,33.6000,33.5000,33.5000,440870
HNG,20150721,34.5000,34.5000,32.0000,33.0000,398480
HNG,20150722,33.0000,33.1000,31.9000,33.1000,527560
HNG,20150723,32.8000,33.5000,32.7000,33.2000,526500
HNG,20150724,33.1000,33.3000,32.4000,33.2000,432500
HNG,20150727,32.0000,33.2000,32.0000,32.8000,493270
HNG,20150728,32.0000,32.5000,31.9000,32.1000,468920
HNG,20150729,31.3000,32.1000,31.3000,31.5000,409000
HNG,20150730,31.5000,31.5000,31.1000,31.2000,468360
HNG,20150731,31.2000,31.7000,30.7000,31.2000,502040
HNG,20150803,30.4000,30.5000,29.9000,30.1000,376060
HNG,20150804,29.4000,29.8000,28.8000,29.4000,625130
HNG,20150805,29.0000,29.2000,28.9000,29.2000,184520
HNG,20150806,29.3000,29.6000,29.0000,29.6000,238060
HNG,20150807,29.3000,29.5000,29.0000,29.1000,230200
HNG,20150810,29.0000,29.1000,28.6000,28.7000,179920
HNG,20150811,28.5000,28.8000,27.8000,27.8000,175940
HNG,20150812,28.0000,28.1000,27.8000,28.1000,187300
HNG,20150813,28.3000,28.3000,27.9000,28.3000,188100
HNG,20150814,28.5000,28.5000,28.0000,28.0000,177850
HNG,20150817,27.7000,28.2000,27.7000,27.9000,142780
HNG,20150818,27.9000,28.0000,27.5000,27.6000,156920
HNG,20150819,27.5000,27.5000,25.7000,25.7000,103280
HNG,20150820,26.2000,26.3000,25.5000,26.1000,162710
HNG,20150821,26.3000,26.3000,25.0000,25.8000,255500
HNG,20150824,25.5000,25.6000,24.0000,25.0000,328390
HNG,20150825,25.0000,25.5000,24.0000,25.5000,220390
HNG,20150826,25.2000,27.0000,25.2000,27.0000,269500
HNG,20150827,26.8000,27.9000,26.8000,27.9000,248970
HNG,20150828,27.9000,28.0000,27.5000,27.8000,259420
HNG,20150831,27.5000,28.3000,27.3000,27.7000,172980
HNG,20150901,27.5000,27.7000,27.4000,27.6000,190670
HNG,20150903,27.5000,28.0000,27.5000,27.6000,187190
HNG,20150904,27.5000,27.8000,27.5000,27.6000,202660
HNG,20150907,27.4000,28.0000,27.4000,28.0000,197040
HNG,20150908,27.9000,28.1000,27.8000,28.1000,202550
HNG,20150909,28.0000,28.4000,28.0000,28.4000,197100
HNG,20150910,28.2000,29.0000,28.2000,28.5000,186700
HNG,20150911,28.3000,28.8000,28.1000,28.1000,198610
HNG,20150914,27.3000,28.1000,27.3000,28.0000,206040
HNG,20150915,27.7000,29.9000,27.7000,29.9000,272490
HNG,20150916,30.8000,30.8000,29.3000,29.3000,216990
HNG,20150917,29.0000,29.5000,28.8000,28.8000,215450
HNG,20150918,28.6000,29.0000,28.6000,28.6000,205800
HNG,20150921,28.3000,29.0000,28.3000,28.7000,217210
HNG,20150922,28.4000,28.9000,28.3000,28.3000,225620
HNG,20150923,28.0000,28.3000,28.0000,28.0000,211520
HNG,20150924,27.7000,28.3000,27.7000,27.9000,223420
HNG,20150925,27.7000,28.3000,27.7000,28.3000,221240
HNG,20150928,28.1000,28.5000,28.1000,28.4000,214210
HNG,20150929,28.2000,28.5000,28.1000,28.4000,217460
HNG,20150930,27.6000,28.5000,27.6000,28.4000,213850
HNG,20151001,28.2000,28.6000,28.2000,28.6000,203260
HNG,20151002,28.3000,28.8000,28.3000,28.7000,196170
HNG,20151005,28.5000,28.8000,28.5000,28.7000,190660
HNG,20151006,28.7000,29.1000,28.5000,29.0000,307350
HNG,20151007,29.0000,29.1000,28.7000,28.7000,245620
HNG,20151008,28.6000,28.8000,28.5000,28.5000,183690
HNG,20151009,28.5000,28.8000,28.5000,28.8000,261820
HNG,20151012,28.6000,28.9000,28.5000,28.6000,220190
HNG,20151013,28.6000,28.7000,28.3000,28.3000,211900
HNG,20151014,28.3000,28.5000,28.2000,28.2000,215710
HNG,20151015,28.2000,28.4000,28.1000,28.2000,223790
HNG,20151016,28.2000,28.5000,26.7000,28.3000,205350
HNG,20151019,28.2000,28.5000,28.2000,28.3000,206780
HNG,20151020,28.3000,28.5000,28.1000,28.1000,209690
HNG,20151021,28.1000,28.2000,28.0000,28.0000,212100
HNG,20151022,27.8000,28.4000,27.8000,28.1000,205090
HNG,20151023,28.0000,28.2000,28.0000,28.1000,199580
HNG,20151026,28.1000,28.3000,28.0000,28.1000,202030
HNG,20151027,28.2000,28.4000,28.1000,28.4000,174500
HNG,20151028,28.4000,28.5000,28.1000,28.1000,192910
HNG,20151029,28.1000,28.3000,28.1000,28.2000,198760
HNG,20151030,28.2000,30.1000,28.1000,30.1000,218730
HNG,20151102,29.9000,31.1000,29.7000,31.1000,255790
HNG,20151103,31.0000,31.7000,30.6000,31.3000,218110
HNG,20151104,31.2000,31.5000,31.0000,31.3000,200820
HNG,20151105,31.1000,31.5000,31.1000,31.3000,207850
HNG,20151106,31.3000,31.7000,30.9000,31.0000,313400
HNG,20151109,31.0000,31.5000,30.9000,30.9000,266500
HNG,20151110,30.9000,31.2000,30.5000,30.5000,271820
HNG,20151111,30.3000,30.8000,30.3000,30.6000,302500
HNG,20151112,30.6000,30.8000,30.3000,30.4000,252600
HNG,20151113,30.3000,30.8000,30.3000,30.6000,300590
HNG,20151116,30.6000,30.9000,30.4000,30.5000,334360
HNG,20151117,30.5000,31.0000,30.5000,30.7000,401620
HNG,20151118,30.7000,31.0000,30.5000,30.5000,404680
HNG,20151119,30.5000,30.8000,30.2000,30.5000,395830
HNG,20151120,30.5000,30.8000,30.3000,30.6000,344240
HNG,20151123,30.6000,30.8000,30.6000,30.7000,251250
HNG,20151124,30.7000,30.8000,30.6000,30.6000,332000
HNG,20151125,30.5000,31.8000,30.5000,31.8000,747500
HNG,20151126,31.8000,31.9000,31.4000,31.8000,739340
HNG,20151127,31.4000,32.1000,31.3000,31.3000,692030
HNG,20151130,31.1000,31.3000,30.9000,31.1000,1387670
HNG,20151201,30.8000,31.4000,30.8000,31.0000,475530
HNG,20151202,31.0000,31.1000,30.4000,30.7000,316340
HNG,20151203,30.7000,30.9000,30.3000,30.5000,454100
HNG,20151204,30.5000,30.6000,29.9000,29.9000,267890
HNG,20151207,29.9000,30.2000,29.0000,29.1000,274400
HNG,20151208,29.0000,29.0000,28.0000,28.3000,245500
HNG,20151209,28.3000,28.6000,28.2000,28.4000,247990
HNG,20151210,28.4000,28.9000,28.4000,28.5000,253690
HNG,20151211,28.4000,28.7000,28.2000,28.4000,249050
HNG,20151214,28.5000,28.9000,28.3000,28.5000,255830
HNG,20151215,28.4000,28.9000,28.4000,28.6000,253140
HNG,20151216,28.6000,28.9000,28.3000,28.5000,284870
HNG,20151217,28.5000,28.9000,28.3000,28.6000,253090
HNG,20151218,28.6000,28.7000,28.3000,28.5000,304200
HNG,20151221,28.5000,29.0000,28.5000,28.5000,254800
HNG,20151222,28.5000,29.0000,28.5000,28.6000,257090
HNG,20151223,28.6000,29.1000,28.5000,28.6000,261910
HNG,20151224,28.6000,29.0000,28.5000,28.7000,259680
HNG,20151225,28.7000,29.0000,28.5000,28.8000,302740
HNG,20151228,28.8000,29.4000,28.7000,28.8000,289070
HNG,20151229,28.8000,29.3000,28.7000,28.8000,321830
HNG,20151230,28.8000,29.2000,28.7000,28.8000,298500
HNG,20151231,28.8000,29.2000,28.8000,28.8000,404840
HNG,20160104,28.9000,29.4000,28.9000,29.0000,253920
HNG,20160105,28.9000,29.2000,28.9000,29.0000,283940
HNG,20160106,28.9000,29.0000,28.5000,28.7000,292470
HNG,20160107,28.7000,29.2000,28.5000,28.7000,404110
HNG,20160108,28.7000,28.9000,28.3000,28.6000,403580
HNG,20160111,28.6000,29.2000,28.6000,28.8000,300750
HNG,20160112,28.7000,28.7000,27.5000,27.9000,253240
HNG,20160113,27.7000,27.7000,27.0000,27.0000,194350
HNG,20160114,26.9000,26.9000,25.2000,25.2000,179280
HNG,20160115,25.2000,25.4000,23.5000,24.0000,178350
HNG,20160118,23.5000,24.0000,22.4000,24.0000,147110
HNG,20160119,23.7000,23.7000,22.5000,23.1000,86480
HNG,20160120,22.8000,23.2000,22.4000,23.0000,109810
HNG,20160121,22.5000,22.5000,21.4000,22.5000,129000
HNG,20160122,21.5000,21.9000,21.0000,21.9000,32650
HNG,20160125,20.4000,20.4000,20.4000,20.4000,4100
HNG,20160126,19.0000,19.0000,19.0000,19.0000,2350
HNG,20160127,17.7000,17.7000,17.7000,17.7000,6380
HNG,20160128,16.5000,16.5000,16.5000,16.5000,5630
HNG,20160129,15.4000,15.4000,15.4000,15.4000,64500
HNG,20160201,14.4000,14.4000,14.4000,14.4000,11750
HNG,20160202,13.4000,13.4000,13.4000,13.4000,47890
HNG,20160203,12.5000,12.5000,12.5000,12.5000,8430
HNG,20160204,11.7000,11.7000,11.7000,11.7000,250950
HNG,20160205,10.9000,10.9000,10.9000,10.9000,143530
HNG,20160215,10.2000,10.2000,10.2000,10.2000,49090
HNG,20160216,9.5000,9.5000,9.5000,9.5000,110110
HNG,20160217,8.9000,8.9000,8.9000,8.9000,55470
HNG,20160218,8.3000,8.3000,8.3000,8.3000,70020
HNG,20160219,7.8000,8.8000,7.8000,8.8000,41740780
HNG,20160222,9.4000,9.4000,9.3000,9.4000,3243810
HNG,20160223,10.0000,10.0000,9.9000,10.0000,3860400
HNG,20160224,9.3000,9.7000,9.3000,9.3000,18805640
HNG,20160225,9.4000,9.5000,8.7000,8.8000,9997540
HNG,20160226,8.8000,9.0000,8.4000,8.6000,3723360
HNG,20160229,8.4000,8.5000,8.0000,8.0000,7066940
HNG,20160301,7.9000,8.4000,7.9000,8.1000,7692220
HNG,20160302,8.3000,8.3000,8.0000,8.0000,3043880
HNG,20160303,8.0000,8.0000,7.5000,7.5000,9700900
HNG,20160304,7.4000,8.0000,7.3000,7.7000,8871920
HNG,20160307,8.0000,8.2000,8.0000,8.2000,5885620
HNG,20160308,8.2000,8.4000,7.9000,8.0000,5231970
HNG,20160309,8.0000,8.1000,7.9000,8.0000,3826340
HNG,20160310,8.1000,8.5000,8.1000,8.5000,7918420
HNG,20160311,8.5000,9.0000,8.4000,8.8000,12317230
HNG,20160314,8.7000,8.9000,8.5000,8.9000,4362150
HNG,20160315,8.5000,9.4000,8.4000,9.4000,13449700
HNG,20160316,9.2000,10.0000,9.2000,9.8000,8172290
HNG,20160317,9.9000,10.2000,9.6000,9.8000,5615880
HNG,20160318,9.8000,10.0000,9.7000,10.0000,10240850
HNG,20160321,9.9000,10.1000,9.3000,9.3000,4516960
HNG,20160322,9.1000,9.2000,8.7000,8.8000,4705500
HNG,20160323,8.8000,9.4000,8.6000,9.4000,3039680
HNG,20160324,9.3000,9.5000,8.9000,9.0000,2313180
HNG,20160325,8.9000,9.0000,8.7000,8.9000,1776620
HNG,20160328,8.9000,8.9000,8.5000,8.6000,1942610
HNG,20160329,8.6000,8.8000,8.4000,8.4000,3444910
HNG,20160330,8.4000,8.5000,8.2000,8.4000,2131960
HNG,20160331,8.4000,8.4000,7.9000,8.0000,4126150
HNG,20160401,8.0000,8.0000,7.7000,7.8000,3061510
HNG,20160404,7.9000,7.9000,7.5000,7.7000,2193030
HNG,20160405,7.7000,7.9000,7.6000,7.9000,1335910
HNG,20160406,7.9000,8.0000,7.8000,7.8000,1035700
HNG,20160407,7.9000,7.9000,7.5000,7.7000,2535140
HNG,20160408,7.6000,7.8000,7.6000,7.7000,723240
HNG,20160411,7.7000,7.8000,7.4000,7.4000,1958910
HNG,20160412,7.1000,7.1000,6.9000,6.9000,4440480
HNG,20160413,6.5000,6.8000,6.5000,6.6000,3886730
HNG,20160414,6.7000,7.0000,6.7000,7.0000,915560
HNG,20160415,7.2000,7.3000,6.9000,7.0000,1422060
HNG,20160419,6.8000,6.9000,6.7000,6.8000,1419830
HNG,20160420,6.8000,6.9000,6.7000,6.8000,735350
HNG,20160421,6.8000,6.9000,6.7000,6.8000,620220
HNG,20160422,6.9000,7.0000,6.8000,6.9000,1190950
HNG,20160425,7.2000,7.3000,7.2000,7.3000,810750
HNG,20160426,7.8000,7.8000,7.7000,7.8000,2168750
HNG,20160427,8.2000,8.3000,7.9000,8.2000,4127030
HNG,20160428,8.1000,8.3000,8.0000,8.2000,3061040
HNG,20160429,8.1000,8.6000,8.1000,8.5000,3071920
HNG,20160504,8.3000,8.4000,8.0000,8.0000,3168270
HNG,20160505,7.7000,7.9000,7.6000,7.7000,3346800
HNG,20160506,7.7000,7.9000,7.6000,7.8000,1729550
HNG,20160509,7.8000,7.8000,7.4000,7.5000,1907640
HNG,20160510,7.2000,7.5000,7.1000,7.5000,1202200
HNG,20160511,7.5000,7.7000,7.4000,7.7000,654140
HNG,20160512,7.7000,7.8000,7.5000,7.5000,742550
HNG,20160513,7.5000,7.5000,7.3000,7.3000,1210850
HNG,20160516,7.4000,7.5000,7.3000,7.3000,591720
HNG,20160517,7.8000,7.8000,7.8000,7.8000,220600
HNG,20160518,8.3000,8.3000,8.3000,8.3000,225800
HNG,20160519,8.8000,8.8000,8.3000,8.4000,6423120
HNG,20160520,8.5000,8.5000,8.1000,8.1000,1858480
HNG,20160523,8.2000,8.4000,8.1000,8.2000,750250
HNG,20160524,8.2000,8.4000,8.0000,8.1000,1464390
HNG,20160525,8.2000,8.3000,8.0000,8.2000,442940
HNG,20160526,8.2000,8.2000,7.8000,7.8000,1949040
HNG,20160527,7.9000,8.3000,7.9000,8.2000,2481150
HNG,20160530,8.2000,8.4000,8.2000,8.4000,1603890
HNG,20160531,8.4000,8.4000,8.1000,8.1000,2298300
HNG,20160601,8.1000,8.3000,8.0000,8.3000,1627700
HNG,20160602,8.3000,8.8000,8.2000,8.6000,3378670
HNG,20160603,8.6000,8.7000,8.5000,8.6000,1560750
HNG,20160606,8.5000,9.0000,8.5000,8.7000,4242800
HNG,20160607,8.8000,8.8000,8.5000,8.5000,1808070
HNG,20160608,8.6000,8.9000,8.6000,8.9000,2191040
HNG,20160609,8.9000,9.0000,8.7000,8.9000,1181670
HNG,20160610,8.8000,9.0000,8.8000,8.9000,1744570
HNG,20160613,8.7000,8.8000,8.4000,8.5000,2816890
HNG,20160614,8.4000,8.6000,8.3000,8.6000,1003930
HNG,20160615,8.6000,8.6000,8.4000,8.6000,809150
HNG,20160616,8.6000,8.8000,8.6000,8.6000,1480020
HNG,20160617,8.6000,8.6000,8.4000,8.5000,1097560
HNG,20160620,8.6000,8.6000,8.3000,8.5000,742240
HNG,20160621,8.5000,8.5000,8.1000,8.2000,1766280
HNG,20160622,8.2000,8.3000,8.1000,8.1000,721250
HNG,20160623,8.1000,8.6000,8.1000,8.4000,1656910
HNG,20160624,8.4000,8.5000,7.9000,8.2000,4565510
HNG,20160627,8.1000,8.1000,7.9000,8.1000,700090
HNG,20160628,8.0000,8.1000,7.8000,8.0000,1096020
HNG,20160629,8.1000,8.3000,8.0000,8.0000,1670760
HNG,20160630,8.2000,8.3000,8.0000,8.1000,1945660
HNG,20160701,8.1000,8.2000,8.0000,8.1000,554230
HNG,20160704,8.1000,8.2000,8.0000,8.1000,944440
HNG,20160705,8.1000,8.2000,8.0000,8.0000,1021870
HNG,20160706,8.0000,8.1000,7.9000,8.0000,1019460
HNG,20160707,7.9000,8.0000,7.8000,8.0000,1194580
HNG,20160708,7.9000,7.9000,7.7000,7.7000,980530
HNG,20160711,7.7000,7.7000,7.2000,7.2000,4974570
HNG,20160712,7.2000,7.2000,6.9000,7.1000,1370990
HNG,20160713,7.0000,7.3000,7.0000,7.3000,893510
HNG,20160714,7.3000,7.3000,7.0000,7.0000,1188550
HNG,20160715,7.0000,7.1000,6.9000,7.0000,631480
HNG,20160718,7.0000,7.2000,7.0000,7.2000,490510
HNG,20160719,7.2000,7.3000,7.0000,7.1000,984930
HNG,20160720,7.0000,7.1000,6.9000,6.9000,559770
HNG,20160721,6.9000,7.0000,6.8000,6.8000,473270
HNG,20160722,6.8000,6.8000,6.6000,6.7000,793540
HNG,20160725,6.8000,7.1000,6.8000,7.1000,508300
HNG,20160726,7.5000,7.5000,7.1000,7.1000,1187150
HNG,20160727,7.1000,7.2000,7.0000,7.0000,538620
HNG,20160728,7.0000,7.0000,6.7000,6.7000,630610
HNG,20160729,6.8000,6.9000,6.7000,6.9000,457420
HNG,20160801,6.9000,7.0000,6.8000,6.9000,121510
HNG,20160802,6.9000,6.9000,6.6000,6.6000,555520
HNG,20160803,6.6000,6.7000,6.4000,6.4000,635160
HNG,20160804,6.4000,6.6000,6.0000,6.0000,1140890
HNG,20160805,5.8000,6.0000,5.6000,5.6000,2709160
HNG,20160808,5.6000,5.9000,5.6000,5.7000,1200970
HNG,20160809,5.8000,6.0000,5.8000,6.0000,625920
HNG,20160810,6.3000,6.4000,6.2000,6.4000,680970
HNG,20160811,6.8000,6.8000,6.6000,6.8000,2141470
HNG,20160812,7.0000,7.2000,6.8000,7.2000,3134610
HNG,20160815,7.7000,7.7000,7.6000,7.7000,2081920
HNG,20160816,8.0000,8.1000,7.5000,7.8000,2054460
HNG,20160817,7.7000,7.7000,7.3000,7.3000,2731760
HNG,20160818,6.9000,7.2000,6.8000,6.8000,2183580
HNG,20160819,7.0000,7.2000,7.0000,7.2000,419610
HNG,20160822,6.7000,7.7000,6.7000,7.4000,3489910
HNG,20160823,7.4000,7.6000,7.2000,7.5000,849760
HNG,20160824,7.5000,7.7000,7.4000,7.4000,668690
HNG,20160825,7.3000,7.3000,7.1000,7.1000,1203600
HNG,20160826,7.2000,7.5000,7.2000,7.5000,566110
HNG,20160829,8.0000,8.0000,7.5000,7.6000,2738530
HNG,20160830,7.4000,7.5000,7.2000,7.2000,1106750
HNG,20160831,7.2000,7.5000,7.2000,7.3000,523700
HNG,20160901,7.3000,7.3000,7.0000,7.0000,815380
HNG,20160905,6.9000,7.0000,6.6000,6.6000,1712060
HNG,20160906,6.6000,6.9000,6.6000,6.9000,346310
HNG,20160907,6.9000,6.9000,6.7000,6.8000,272920
HNG,20160908,6.8000,6.9000,6.6000,6.6000,648300
HNG,20160909,6.7000,6.8000,6.6000,6.7000,384570
HNG,20160912,6.7000,6.7000,6.4100,6.5000,241870
HNG,20160913,6.4000,6.6000,6.3100,6.4000,296010
HNG,20160914,6.4000,6.6000,6.3000,6.3500,598690
HNG,20160915,6.3500,6.7900,6.3500,6.7000,1050870
HNG,20160916,6.3800,6.7000,6.2400,6.2400,1476350
HNG,20160919,6.2400,6.2400,5.8100,5.8100,2278810
HNG,20160920,5.7000,5.8100,5.4100,5.5500,2725310
HNG,20160921,5.5500,5.8800,5.4900,5.7400,524390
HNG,20160922,5.7500,5.8000,5.6000,5.6600,423650
HNG,20160923,5.6000,5.6500,5.4000,5.4200,496380
HNG,20160926,5.3500,5.5000,5.3500,5.4500,230640
HNG,20160927,5.5900,5.8300,5.5000,5.8300,1332730
HNG,20160928,6.1000,6.2000,6.0500,6.0500,677330
HNG,20160929,6.0500,6.2000,5.8000,5.8500,495200
HNG,20160930,5.5100,5.8000,5.5100,5.6000,565110
HNG,20161003,5.6000,5.7000,5.4700,5.4900,865180
HNG,20161004,5.5000,5.6900,5.4600,5.6000,306850
HNG,20161005,5.6000,5.6900,5.5600,5.6000,330460
HNG,20161006,5.6000,5.7500,5.6000,5.6700,450810
HNG,20161007,5.6700,5.6900,5.5700,5.6900,411400
HNG,20161010,5.6200,5.6800,5.5200,5.5600,186220
HNG,20161011,5.6000,5.6000,5.4900,5.5200,463590
HNG,20161012,5.5200,5.8000,5.5200,5.6800,338630
HNG,20161013,5.6100,6.0000,5.6100,5.9100,575780
HNG,20161014,6.0000,6.3200,6.0000,6.3200,1031280
HNG,20161017,6.7600,6.7600,6.5000,6.5100,1271660
HNG,20161018,6.5000,6.5100,6.2500,6.3000,547820
HNG,20161019,6.2500,6.3800,6.1500,6.2000,483110
HNG,20161020,6.1900,6.2500,6.0000,6.2000,611120
HNG,20161021,6.0000,6.2000,6.0000,6.1000,282820
HNG,20161024,6.1000,6.4000,6.0500,6.1200,382670
HNG,20161025,6.1500,6.2300,6.1000,6.1300,441050
HNG,20161026,6.0600,6.1700,6.0100,6.0100,443670
HNG,20161027,6.0100,6.1200,5.8500,5.8500,690190
HNG,20161028,5.8500,6.2500,5.8500,6.2500,1454570
HNG,20161031,6.1000,6.1900,6.0100,6.0100,754970
HNG,20161101,5.9000,6.0000,5.8500,6.0000,314510
HNG,20161102,6.0000,6.2500,6.0000,6.0000,506730
HNG,20161103,6.0000,6.0000,5.8400,5.8500,730080
HNG,20161104,5.8500,6.0500,5.8400,5.9400,298100
HNG,20161107,5.9400,5.9900,5.8500,5.9500,252780
HNG,20161108,6.0900,6.0900,5.9200,5.9800,640340
HNG,20161109,5.9000,6.0000,5.6000,5.9000,596260
HNG,20161110,6.0600,6.3100,5.9100,6.2300,1734990
HNG,20161111,6.2500,6.5600,6.2500,6.5000,1286910
HNG,20161114,6.5500,6.6300,6.3100,6.3600,1022500
HNG,20161115,6.3800,6.4500,6.3000,6.3200,886870
HNG,20161116,6.4500,6.7600,6.4500,6.7600,1069470
HNG,20161117,6.9900,7.2000,6.8500,6.9000,1758100
HNG,20161118,6.8000,6.8800,6.6600,6.7200,968520
HNG,20161121,7.0000,7.1500,6.9800,7.1500,1403420
HNG,20161122,7.4000,7.5000,7.2600,7.5000,1774000
HNG,20161123,7.3600,7.5000,7.3000,7.3500,1185710
HNG,20161124,7.6000,7.6400,7.5300,7.5800,1393100
HNG,20161125,7.5700,7.5700,7.3200,7.3300,646990
HNG,20161128,7.2000,7.2000,6.9000,7.1500,821820
HNG,20161129,7.1300,7.3000,7.1300,7.1400,1297690
HNG,20161130,7.0200,7.0500,6.6600,6.8000,850990
HNG,20161201,7.1000,7.1000,6.7000,6.7200,505510
HNG,20161202,6.7000,6.7000,6.3000,6.3000,883220
HNG,20161205,6.2100,6.5000,6.2000,6.3400,616750
HNG,20161206,6.3200,6.4600,6.1000,6.1300,481170
HNG,20161207,6.2500,6.2500,5.9900,6.1000,514560
HNG,20161208,6.1000,6.3300,6.0600,6.1600,357160
HNG,20161209,6.1800,6.3000,6.1300,6.1500,343580
HNG,20161212,6.3000,6.4800,6.3000,6.3000,693340
HNG,20161213,6.3500,6.3500,6.1400,6.2400,720490
HNG,20161214,6.3500,6.6700,6.3300,6.6700,1208950
HNG,20161215,6.9000,7.0000,6.7600,6.8000,2172950
HNG,20161216,6.8000,6.9000,6.6800,6.9000,7200140
HNG,20161219,7.0100,7.1000,6.9300,7.0000,623500
HNG,20161220,6.8000,6.8500,6.6800,6.6800,915820
HNG,20161221,6.7000,6.7900,6.6300,6.6800,1295310
HNG,20161222,6.6800,6.6800,6.4000,6.4000,914340
HNG,20161223,6.4000,6.5000,6.3700,6.4000,378860
HNG,20161226,6.4000,6.4900,6.2500,6.2500,702520
HNG,20161227,6.2600,6.2700,6.1100,6.1100,940820
HNG,20161228,6.2600,6.2800,6.1600,6.1600,524980
HNG,20161229,6.2900,6.2900,6.1600,6.1600,290680
HNG,20161230,6.2400,6.3600,6.2000,6.2000,458320
HNG,20170103,6.3000,6.3600,6.2600,6.3300,408690
HNG,20170104,6.4500,6.7000,6.4500,6.6400,1050340
HNG,20170105,6.6400,6.6400,6.3500,6.4800,445830
HNG,20170106,6.4000,6.4900,6.3600,6.3600,505570
HNG,20170109,6.3200,6.3300,6.2300,6.2400,648100
HNG,20170110,6.3000,6.3400,6.2000,6.2600,607810
HNG,20170111,6.4000,6.4800,6.3200,6.4300,1132610
HNG,20170112,6.4800,6.5500,6.3400,6.5000,899430
HNG,20170113,6.5000,6.5000,6.3000,6.3000,556620
HNG,20170116,6.3500,6.4700,6.3300,6.3700,308010
HNG,20170117,6.4000,6.4000,6.3000,6.3600,547910
HNG,20170118,6.3600,6.3700,6.2400,6.2700,289950
HNG,20170119,6.2500,6.2900,6.1800,6.2600,552610
HNG,20170120,6.2600,6.4200,6.2000,6.4000,727000
HNG,20170123,6.4100,6.8400,6.4100,6.8400,2426110
HNG,20170124,6.9100,7.3100,6.9000,7.3100,1918060
HNG,20170125,7.3200,7.4800,7.2500,7.3000,2445990
HNG,20170202,7.6000,7.8100,7.5500,7.8100,2569590
HNG,20170203,7.8100,8.1000,7.7500,8.0000,3093870
HNG,20170206,7.9000,8.4000,7.8500,8.4000,1921460
HNG,20170207,8.4000,8.8000,8.3100,8.6000,2376430
HNG,20170208,8.6000,8.7900,8.6000,8.7000,1807560
HNG,20170209,8.7000,8.7900,8.1000,8.1000,2777180
HNG,20170210,8.0000,8.5900,7.7500,8.5000,3117200
HNG,20170213,8.4000,9.0900,8.3500,8.8600,3312230
HNG,20170214,9.2000,9.3000,9.0600,9.0800,1809870
HNG,20170215,9.0800,9.3000,8.8000,9.1600,1759060
HNG,20170216,9.2000,9.7400,9.1000,9.1200,3422460
HNG,20170217,8.9000,9.1300,8.8800,9.1300,2399780
HNG,20170220,9.1000,9.5300,9.0000,9.4800,2208680
HNG,20170221,9.6000,9.9000,9.5000,9.5200,2297230
HNG,20170222,9.5000,9.5000,9.2000,9.3800,2313080
HNG,20170223,9.3900,9.5900,9.1200,9.1500,1871700
HNG,20170224,9.1000,9.1500,8.6000,8.6000,2246490
HNG,20170227,8.5100,9.2000,8.4500,9.1000,1253450
HNG,20170228,9.2000,9.2700,8.9000,8.9100,1192190
HNG,20170301,8.9000,8.9900,8.6700,8.7500,1141500
HNG,20170302,8.8000,9.0800,8.6900,8.6900,964200
HNG,20170303,8.6900,9.0500,8.6300,9.0500,1288030
HNG,20170306,9.2000,9.3300,9.1000,9.2900,1405520
HNG,20170307,9.3000,9.3000,9.1500,9.1800,848830
HNG,20170308,8.9900,9.3000,8.9900,9.1100,1384530
HNG,20170309,9.1100,9.5000,9.0100,9.2800,1268050
HNG,20170310,9.3000,9.5800,9.2700,9.3500,1361410
HNG,20170313,9.3000,9.3500,9.1600,9.1900,673040
HNG,20170314,9.1900,9.3400,9.1900,9.2500,568930
HNG,20170315,9.2500,9.4500,9.2200,9.4100,1332490
HNG,20170316,9.4100,10.0500,9.4100,10.0500,5786580
HNG,20170317,10.3500,10.4000,10.0000,10.3000,2056450
HNG,20170320,10.4000,10.5500,10.2500,10.2500,1384070
HNG,20170321,10.1000,10.6000,10.0500,10.4500,2145150
HNG,20170322,10.5500,11.1500,10.5000,11.0000,4955360
HNG,20170323,11.1000,11.7500,11.1000,11.7500,3419070
HNG,20170324,12.0000,12.3000,11.4000,11.7500,3596860
HNG,20170327,11.6000,12.5500,11.3000,12.5500,3283850
HNG,20170328,12.7500,13.0000,12.0000,12.4500,3014310
HNG,20170329,12.0000,12.4000,11.6000,11.6000,5127160
HNG,20170330,11.3500,11.8500,10.9000,11.3000,2963130
HNG,20170331,11.3000,11.6500,11.2000,11.6000,1138240
HNG,20170403,11.6000,11.6000,11.2500,11.4500,1280730
HNG,20170404,11.4500,12.2500,11.3000,12.2000,2497420
HNG,20170405,12.2000,12.4000,11.7000,11.7000,1595910
HNG,20170407,11.6500,11.7000,11.5000,11.5500,944610
HNG,20170410,11.5500,12.0000,11.5500,11.6000,768580
HNG,20170411,12.0000,12.0000,11.5000,11.5000,790430
HNG,20170412,11.4000,11.5000,10.7000,10.7000,4025110
HNG,20170413,10.7000,11.0500,10.4000,10.7000,2047420
HNG,20170414,10.7000,10.8000,10.4000,10.5000,1250810
HNG,20170417,10.7000,10.9500,10.6000,10.6000,1823900
HNG,20170418,10.5000,10.7000,10.1000,10.6000,1095300
HNG,20170419,10.5500,10.8000,10.5000,10.7000,889150
HNG,20170420,10.7000,11.1000,10.6500,10.9000,1332140
HNG,20170421,10.9000,11.2500,10.9000,11.1500,963150
HNG,20170424,11.2500,11.8500,11.2000,11.6500,2083350
HNG,20170425,11.8500,11.8500,11.3500,11.4500,1614310
HNG,20170426,11.5000,12.0000,11.4500,11.8500,1582980
HNG,20170427,11.9500,11.9500,11.7500,11.9000,1267100
HNG,20170428,11.7500,11.9500,11.5500,11.7000,1824660
HNG,20170503,11.5500,11.8500,11.4000,11.8500,1470050
HNG,20170504,11.9000,12.5000,11.9000,12.3500,3021790
HNG,20170505,12.4500,12.4500,11.7500,11.8000,2283290
HNG,20170508,11.5500,11.6000,11.0000,11.0000,5223950
HNG,20170509,10.4000,11.7000,10.2500,11.6500,21510280
HNG,20170510,11.5000,11.7000,11.1000,11.1500,1434990
HNG,20170511,11.0000,11.2000,10.8500,10.9000,1145380
HNG,20170512,10.8000,11.2500,10.8000,11.0500,3866050
HNG,20170515,11.2000,11.5500,11.2000,11.3500,2488320
HNG,20170516,11.4500,11.9000,11.4000,11.5500,2661780
HNG,20170517,11.5500,11.7500,11.4500,11.6000,3415740
HNG,20170518,11.5500,11.6500,11.2000,11.2000,3171550
HNG,20170519,11.3500,11.6000,11.1500,11.5500,2956450
HNG,20170522,12.1000,12.1000,11.6000,11.6000,3598420
HNG,20170523,11.6000,11.7000,11.3500,11.3500,1980460
HNG,20170524,11.4500,11.5000,11.2500,11.3000,2157940
HNG,20170525,11.4000,11.6000,11.2500,11.3000,2687240
HNG,20170526,11.3500,11.4500,11.2500,11.4500,1156520
HNG,20170529,11.5000,11.8000,11.4500,11.4500,3530850
HNG,20170530,11.4500,11.5500,11.2000,11.2000,1270440
HNG,20170531,11.2000,11.3000,10.9000,10.9000,1155030
HNG,20170601,10.8500,11.0000,10.8500,10.9000,2111870
HNG,20170602,10.9500,11.0500,10.8000,10.9000,2116820
HNG,20170605,10.7000,10.7500,10.1500,10.1500,4693070
HNG,20170606,10.2000,10.3000,9.9700,10.2500,3910390
HNG,20170607,10.2500,10.4000,10.2000,10.2000,1604150
HNG,20170608,10.2000,10.2500,9.4900,9.4900,6210050
HNG,20170609,9.4500,9.6800,8.8500,9.4700,6366160
HNG,20170612,9.5500,9.6500,9.3000,9.4000,1469060
HNG,20170613,9.4500,9.5200,9.3700,9.4500,1706920
HNG,20170614,9.8000,10.1000,9.6500,10.1000,9654910
HNG,20170615,10.4000,10.8000,10.2000,10.3500,5819500
HNG,20170616,10.2000,10.7000,10.2000,10.6500,1988450
HNG,20170619,10.7000,10.7500,10.2500,10.2500,3420450
HNG,20170620,10.4000,10.4000,10.2000,10.2500,2064220
HNG,20170621,10.4000,10.4000,10.0000,10.3000,3627790
HNG,20170622,10.4000,11.0000,10.3000,10.8000,3668470
HNG,20170623,10.8500,11.2500,10.8500,11.1500,3055370
HNG,20170626,11.2000,11.3500,10.9500,11.0000,1700630
HNG,20170627,10.9500,10.9500,10.5000,10.5500,3007250
HNG,20170628,10.5000,10.7000,10.4500,10.7000,1094040
HNG,20170629,10.7000,11.1500,10.7000,10.9000,2621190
HNG,20170630,11.0000,11.2000,10.7500,10.7500,3893760
HNG,20170703,10.8500,10.8500,10.3000,10.3500,2772820
HNG,20170704,10.4000,10.4500,10.1500,10.4000,2130290
HNG,20170705,10.4000,10.4500,10.2000,10.2500,1800050
HNG,20170706,10.1500,10.3500,10.1000,10.2000,1754640
HNG,20170707,10.2500,10.2500,10.0000,10.0000,1904640
HNG,20170710,10.0000,10.0000,9.6000,9.8400,1772570
HNG,20170711,9.8400,10.1000,9.7900,10.1000,1927530
HNG,20170712,10.2000,10.4500,10.1500,10.2000,1236060
HNG,20170713,10.2500,10.6500,10.1000,10.4500,1743600
HNG,20170714,10.5000,10.5500,10.1500,10.3500,2301690
HNG,20170717,10.3500,10.3500,10.0500,10.1000,1026490
HNG,20170718,10.0000,10.0000,9.8000,9.9200,1042340
HNG,20170719,9.9200,10.1500,9.9200,9.9200,733220
HNG,20170720,9.9800,10.0000,9.8800,9.9200,682000
HNG,20170721,10.0000,10.0000,9.7500,9.7500,1223990
HNG,20170724,9.7500,9.7900,9.5500,9.7500,928890
HNG,20170725,9.7100,9.8100,9.7000,9.7700,724570
HNG,20170726,9.8400,9.9400,9.7700,9.9000,1140950
HNG,20170727,9.9000,10.0500,9.8800,9.9800,1139550
HNG,20170728,9.9900,10.5000,9.9400,10.2500,1198890
HNG,20170731,10.3000,10.5000,10.2000,10.3500,2206700
HNG,20170801,11.0500,11.0500,10.4000,10.4000,6717160
HNG,20170802,10.4000,10.4000,10.0000,10.1500,1833000
HNG,20170803,10.1000,10.3500,10.0500,10.2000,831320
HNG,20170804,10.1500,10.2000,9.9300,9.9400,1888370
HNG,20170807,10.0000,10.1500,9.9100,9.9500,1760890
HNG,20170808,10.0000,10.0000,9.8200,9.8200,1907240
HNG,20170809,9.8500,9.9000,9.6400,9.6500,2352120
HNG,20170810,9.5600,9.8000,9.5600,9.6500,1106860
HNG,20170811,9.6000,9.6000,9.2900,9.4500,2242930
HNG,20170814,9.5000,9.5000,9.3900,9.5000,762120
HNG,20170815,9.4800,9.5500,9.4500,9.5000,1162420
HNG,20170816,9.5400,9.6200,9.4900,9.5700,662270
HNG,20170817,9.6300,9.6300,9.3100,9.3100,1336650
HNG,20170818,9.3000,9.3400,9.1500,9.2900,987010
HNG,20170821,9.6500,9.6900,9.4000,9.4400,986580
HNG,20170822,9.4400,9.4400,9.3100,9.3300,556660
HNG,20170823,9.3000,9.3700,9.2000,9.2300,399420
HNG,20170824,9.2300,9.4800,9.2300,9.3900,741720
HNG,20170825,9.4000,9.4500,9.3700,9.4500,482450
HNG,20170828,9.4700,9.4700,9.3600,9.4000,580890
HNG,20170829,9.4000,9.8000,9.4000,9.5500,1117380
HNG,20170830,9.5300,9.6300,9.3800,9.4500,678460
HNG,20170831,9.4000,9.4600,9.2900,9.2900,1410070
HNG,20170901,9.2900,9.4000,9.2600,9.3100,408550
HNG,20170905,9.3600,9.3900,9.2500,9.2500,777370
HNG,20170906,9.2900,9.2900,9.0000,9.0400,1691500
HNG,20170907,9.0700,9.1700,9.0500,9.1400,788470
HNG,20170908,9.1200,9.2500,9.1200,9.1800,383330
HNG,20170911,9.1900,9.1900,8.9900,9.0400,1049390
HNG,20170912,9.0000,9.0500,8.9400,8.9600,750370
HNG,20170913,8.9600,9.1500,8.8500,9.0500,2714730
HNG,20170914,9.1000,9.2000,9.0500,9.0800,1262070
HNG,20170915,9.0200,9.1400,9.0200,9.1200,544180
HNG,20170918,9.1200,9.1900,9.0500,9.1300,1143280
HNG,20170919,9.0800,9.1500,9.0800,9.1300,656580
HNG,20170920,9.1300,9.6000,9.1200,9.4000,2044510
HNG,20170921,9.4900,9.6600,9.4600,9.5500,1603490
HNG,20170922,9.5800,9.6000,9.5000,9.5600,777870
HNG,20170925,9.6800,9.6800,9.5000,9.5900,1022900
HNG,20170926,9.7000,10.2500,9.6500,10.1000,4022050
HNG,20170927,10.1000,10.4000,10.0000,10.0500,3779720
HNG,20170928,10.1000,10.1500,9.8100,9.8100,1881740
HNG,20170929,9.8100,9.9500,9.7000,9.7000,1310620
HNG,20171002,9.7000,9.7200,9.5000,9.5000,1592020
HNG,20171003,9.5000,9.5200,9.3000,9.4000,1500170
HNG,20171004,9.4000,9.6500,9.3800,9.6500,949510
HNG,20171005,9.7000,9.8000,9.6100,9.6100,777670
HNG,20171006,9.6200,9.7000,9.6000,9.6300,500370
HNG,20171009,9.6300,9.8000,9.6100,9.7500,639270
HNG,20171010,9.7800,9.7800,9.6700,9.6900,399920
HNG,20171011,9.7000,9.7500,9.6500,9.6900,460570
HNG,20171012,9.7000,9.7000,9.5000,9.6000,695880
HNG,20171013,9.6500,9.6500,9.5000,9.6000,318020
HNG,20171016,9.6000,9.6500,9.5100,9.6000,505330
HNG,20171017,9.5600,9.5700,9.4500,9.4800,670380
HNG,20171018,9.4000,9.4700,9.3100,9.3100,874320
HNG,20171019,9.2800,9.3800,9.2600,9.3100,638400
HNG,20171020,9.3400,9.3400,9.2000,9.2000,490850
HNG,20171023,9.2000,9.2000,9.0200,9.0200,521380
HNG,20171024,8.9900,9.0500,8.9600,9.0200,793800
HNG,20171025,9.2000,9.3000,9.1000,9.1900,485760
HNG,20171026,9.1900,9.2400,9.0200,9.1000,564320
HNG,20171027,9.0000,9.1300,8.9700,9.1000,663470
HNG,20171030,9.0900,9.2800,9.0700,9.2500,702160
HNG,20171031,9.2500,9.4900,9.2500,9.3500,1705210
HNG,20171101,9.3500,9.3500,9.1900,9.1900,649210
HNG,20171102,9.2000,9.3300,8.9000,8.9000,1814150
HNG,20171103,8.6000,8.6500,8.2800,8.2800,2459360
HNG,20171106,8.2800,8.5000,8.2800,8.4400,1188900
HNG,20171107,8.4400,8.6500,8.3700,8.5000,714190
HNG,20171108,8.1000,8.5000,8.1000,8.4300,657540
HNG,20171109,8.4300,8.4600,8.3000,8.3500,886840
HNG,20171110,8.3500,8.4500,8.3300,8.4000,575290
HNG,20171113,8.4200,8.4200,8.3600,8.3600,812820
HNG,20171114,8.3500,8.3600,8.1900,8.2400,903310
HNG,20171115,8.2200,8.3300,8.2000,8.2500,1364240
HNG,20171116,8.3300,8.8200,8.2600,8.8200,1206350
HNG,20171117,9.2000,9.3700,9.0000,9.0700,1916670
HNG,20171120,9.0800,9.1700,9.0000,9.0000,1028060
HNG,20171121,8.8600,8.9700,8.7800,8.8900,760140
HNG,20171122,8.8600,9.1100,8.8200,9.0000,1019350
HNG,20171123,9.1000,9.2000,9.0000,9.0700,916840
HNG,20171124,9.2000,9.4000,9.0800,9.4000,2274740
HNG,20171127,9.4500,9.4800,9.3500,9.4100,2050470
HNG,20171128,9.4100,9.4700,9.3000,9.4200,3148230
HNG,20171129,9.4500,9.4500,9.3100,9.3300,1222310
HNG,20171130,9.3700,9.3900,9.3000,9.3100,1536090
HNG,20171201,9.3100,9.3400,9.2800,9.2800,1012780
HNG,20171204,9.2100,9.3000,9.2100,9.2500,1693300
HNG,20171205,9.2500,9.5500,9.2500,9.4000,2442210
HNG,20171206,9.4000,9.8000,9.3000,9.8000,1904870
HNG,20171207,9.9900,10.1500,9.9100,10.1000,2528470
HNG,20171208,10.1000,10.1500,9.9100,9.9900,2019080
HNG,20171211,9.9100,9.9100,9.7000,9.7000,1753080
HNG,20171212,9.6100,9.7100,9.3000,9.7000,2274720
HNG,20171213,9.3000,9.7100,9.3000,9.5000,917920
HNG,20171214,9.5100,9.5800,9.4000,9.5600,1050070
HNG,20171215,9.5800,9.6500,9.5000,9.6000,1233250
HNG,20171218,10.2000,10.2000,9.7900,9.8300,1952930
HNG,20171219,9.8000,9.8300,9.6100,9.6200,1154120
HNG,20171220,9.6300,9.6900,9.5500,9.6200,768900
HNG,20171221,9.6500,9.6500,9.3500,9.3800,1720340
HNG,20171222,9.3900,9.5000,9.3300,9.4600,829320
HNG,20171225,9.4700,9.5000,9.3000,9.3500,623930
HNG,20171226,9.4000,9.6400,9.3500,9.5700,1780140
HNG,20171227,9.6000,9.6300,9.4500,9.5700,915870
HNG,20171228,9.4900,9.5800,9.4900,9.5600,424980
HNG,20171229,9.5600,9.5600,9.4000,9.5600,1327380
HNG,20180102,9.5000,9.5500,9.3500,9.3500,1433710
HNG,20180103,9.4000,9.4800,9.3400,9.4000,723790
HNG,20180104,9.4000,9.5000,9.4000,9.4500,1053640
HNG,20180105,9.5700,9.9200,9.4600,9.5500,2866020
HNG,20180108,9.5500,9.5600,9.3600,9.3800,1570430
HNG,20180109,9.3700,9.5000,9.0000,9.2000,3706240
HNG,20180110,9.1000,9.2900,9.0000,9.2200,1890040
HNG,20180111,9.2000,9.2200,8.9000,8.9200,3557750
HNG,20180112,8.9200,9.0900,8.7800,8.8500,2587870
HNG,20180115,8.8500,9.1700,8.8500,9.1300,2191060
HNG,20180116,9.1400,9.7600,9.1000,9.6500,5575500
HNG,20180117,9.6500,9.8200,9.4800,9.4800,3676590
HNG,20180118,9.4000,9.5200,9.2500,9.3800,1926930
HNG,20180119,9.5100,9.5200,9.1000,9.1600,2320270
HNG,20180122,9.1600,9.3900,8.9700,9.0100,1970800
HNG,20180125,9.0100,9.2300,8.8800,9.2000,3167830
HNG,20180126,9.4000,9.4800,9.1500,9.1500,2295500
HNG,20180129,9.2000,9.2700,8.8100,8.9200,3977910
HNG,20180130,8.8000,8.8100,8.5200,8.6000,4608310
HNG,20180131,8.6000,9.0000,8.5900,8.6900,3680400
HNG,20180201,8.7500,8.8000,8.3800,8.4000,2000190
HNG,20180202,8.5000,8.5000,8.2500,8.3000,1361360
HNG,20180205,8.2200,8.2200,7.7200,7.7200,2989280
HNG,20180206,7.1800,7.3300,7.1800,7.1800,3585930
HNG,20180207,7.5000,7.5000,7.2000,7.2000,2948690
HNG,20180208,7.2000,7.2000,6.7000,6.7000,4356130
HNG,20180209,6.2400,6.9000,6.2400,6.6000,8165230
HNG,20180212,6.3100,6.7000,6.1400,6.2200,10935270
HNG,20180213,6.3000,6.4500,6.2000,6.3800,4876160
HNG,20180221,6.6500,6.7000,6.4700,6.5000,3051300
HNG,20180222,6.4800,6.4800,6.3000,6.3400,2733130
HNG,20180223,6.3500,6.4200,6.3300,6.3700,1231090
HNG,20180226,6.3700,6.4000,6.1500,6.1500,4252840
HNG,20180227,6.1500,6.3100,6.1000,6.3100,2933190
HNG,20180228,6.2900,6.2900,6.1700,6.2000,2406840
HNG,20180301,6.1300,6.3500,6.1300,6.1600,2239770
HNG,20180302,6.1300,6.2500,6.0700,6.2500,2963410
HNG,20180305,6.3300,6.5900,6.2500,6.5200,8718150
HNG,20180306,6.7500,6.9700,6.6500,6.9700,2663550
HNG,20180307,7.4500,7.4500,7.4500,7.4500,1838250
HNG,20180308,7.9700,7.9700,7.6800,7.9700,14006980
HNG,20180309,7.9600,8.4400,7.6600,8.2000,6979230
HNG,20180312,8.2000,8.4000,8.1600,8.3000,3634260
HNG,20180313,8.3000,8.4000,8.1700,8.4000,4057200
HNG,20180314,8.4000,8.8000,8.4000,8.8000,3921040
HNG,20180315,8.9300,9.3000,8.9000,9.1000,6601770
HNG,20180316,9.1000,9.2000,8.6000,8.8000,4499900
HNG,20180319,8.6600,8.7900,8.1900,8.4400,6219690
HNG,20180320,8.2500,8.6300,8.2300,8.4500,2223210
HNG,20180321,8.5000,8.6000,8.4300,8.4500,1302400
HNG,20180322,8.4500,9.0400,8.4500,9.0400,4636070
HNG,20180323,9.0400,9.6000,8.8300,9.1500,5768380
HNG,20180326,9.3300,9.3300,9.1200,9.2400,1880020
HNG,20180327,9.2500,9.2800,9.0000,9.1500,2390470
HNG,20180328,9.0400,9.1000,8.8000,8.8000,1998900
HNG,20180329,8.9000,9.0100,8.8100,8.8600,1803390
HNG,20180330,8.8600,8.9800,8.8400,8.8500,1083510
HNG,20180402,8.4000,8.7500,8.2500,8.4800,10729230
HNG,20180403,8.4100,9.0700,8.4100,9.0700,3724120
HNG,20180404,9.3000,9.3000,8.9700,9.0500,1512990
HNG,20180405,9.0000,9.1000,8.9200,9.0700,1665230
HNG,20180406,9.0700,9.2700,9.0600,9.1200,3064580
HNG,20180409,9.0200,9.1300,9.0000,9.0900,1843680
HNG,20180410,9.0000,9.0100,8.7800,8.8800,3852850
HNG,20180411,8.8000,8.8700,8.5700,8.5800,3315030
HNG,20180412,8.5000,8.5800,8.1600,8.2700,1777100
HNG,20180413,8.2700,8.5000,8.2500,8.2500,628050
HNG,20180416,8.3200,8.8200,8.3200,8.8200,1861750
HNG,20180417,9.1000,9.2800,9.0500,9.0900,3486080
HNG,20180418,9.0500,9.1300,8.7000,8.7000,1693030
HNG,20180419,8.7000,9.0100,8.6000,8.8500,1060510
HNG,20180420,8.8500,8.9400,8.7100,8.8400,271940
HNG,20180423,8.9000,8.9700,8.4000,8.4000,840070
HNG,20180424,8.4000,8.6000,8.4000,8.5100,1156860
HNG,20180426,8.6500,8.8900,8.5100,8.6700,1818370
HNG,20180427,8.8000,8.8000,8.6700,8.7000,1027490
HNG,20180502,8.6900,8.7000,8.3000,8.3000,1669760
HNG,20180503,8.2100,8.4300,8.2000,8.3400,1422600
HNG,20180504,8.5000,8.7800,8.5000,8.6000,1174430
HNG,20180507,8.7500,9.0000,8.7000,8.8700,1250310
HNG,20180508,8.8500,8.8900,8.6000,8.6900,1031440
HNG,20180509,8.5900,8.7500,8.5900,8.7000,365820
HNG,20180510,8.7000,8.7400,8.6100,8.6800,753770
HNG,20180511,8.6100,8.7000,8.6000,8.6900,436370
HNG,20180514,8.6900,8.7000,8.5600,8.6100,793030
HNG,20180515,8.5600,8.6100,8.5000,8.5800,1302600
HNG,20180516,8.5200,8.5900,8.4500,8.5800,678010
HNG,20180517,8.4600,8.6400,8.4600,8.5800,206140
HNG,20180518,8.5800,8.6200,8.5000,8.5800,729320
HNG,20180521,8.5800,8.5800,8.4500,8.5500,383990
HNG,20180522,8.4600,8.5400,8.2500,8.2800,872220
HNG,20180523,8.0000,8.3000,8.0000,8.0000,823950
HNG,20180524,8.0000,8.2700,8.0000,8.1000,856740
HNG,20180525,8.1000,8.2500,8.0900,8.0900,619660
HNG,20180528,8.0000,8.0000,7.5300,7.5300,676680
HNG,20180529,7.0100,7.7000,7.0100,7.5600,1729730
HNG,20180530,7.4100,7.5900,7.2100,7.3400,394170
HNG,20180531,7.4800,7.5000,7.3000,7.5000,590470
HNG,20180601,7.3300,7.8200,7.3300,7.8200,725000
HNG,20180604,7.6900,8.3600,7.6900,8.3600,1924260
HNG,20180605,8.5900,8.7000,8.5000,8.6000,1722980
HNG,20180606,8.7000,8.7100,8.5400,8.6000,1123660
HNG,20180607,8.6500,8.6500,8.4000,8.6000,1680710
HNG,20180608,8.6000,8.6000,8.5100,8.5900,1358440
HNG,20180611,8.5900,8.5900,8.3600,8.5900,861700
HNG,20180612,8.5700,8.5800,8.4000,8.5400,2527170
HNG,20180613,8.5400,8.6300,8.5000,8.6200,2899520
HNG,20180614,8.7900,9.2200,8.7000,9.1000,5686770
HNG,20180615,9.2500,9.2500,9.0900,9.1500,2660220
HNG,20180618,9.1500,9.6000,9.1100,9.2200,3825940
HNG,20180619,9.1100,9.3000,8.5800,9.3000,4697820
HNG,20180620,9.3500,9.3500,9.1400,9.2000,2460770
HNG,20180621,9.2000,9.2500,8.7500,9.2500,4489160
HNG,20180622,9.2500,9.2600,9.1000,9.2000,1170600
HNG,20180625,9.3000,9.8200,9.3000,9.6000,4596710
HNG,20180626,9.5000,9.9500,9.4200,9.8000,3009140
HNG,20180627,9.8300,9.9600,9.8300,9.9000,4682580
HNG,20180628,9.9000,9.9200,9.6300,9.9000,1913080
HNG,20180629,9.9000,10.3000,9.9000,10.2000,2897410
HNG,20180702,10.5000,10.5500,10.1000,10.4500,3117520
HNG,20180703,10.5000,10.6500,10.1000,10.1000,2614510
HNG,20180704,10.1000,10.5000,9.5000,10.5000,2335150
HNG,20180705,10.4500,10.6000,10.2500,10.5500,1687740
HNG,20180706,10.5000,11.2000,10.4000,11.2000,2472530
HNG,20180709,11.0500,11.7000,11.0500,11.5000,2832280
HNG,20180710,11.5000,11.8500,11.3500,11.4500,2696000
HNG,20180711,11.4500,11.9500,11.1000,11.5000,4481370
HNG,20180712,11.5000,11.8500,11.5000,11.7500,2127010
HNG,20180713,11.8000,11.8500,11.6000,11.7000,2238540
HNG,20180716,11.6000,12.2000,11.6000,12.0500,5087700
HNG,20180717,12.1000,12.8500,12.1000,12.8500,4245530
HNG,20180718,12.6000,13.5000,12.3000,13.5000,19498610
HNG,20180719,13.9000,14.4000,13.5000,14.4000,4480970
HNG,20180720,14.5000,15.4000,14.4000,14.7000,3966200
HNG,20180723,14.5000,15.7000,14.2500,15.5000,8964950
HNG,20180724,15.5500,16.5500,15.5000,16.5000,3295890
HNG,20180725,15.7000,17.0000,15.7000,16.4000,4409040
HNG,20180726,16.3500,16.4000,15.3000,15.3000,5019040
HNG,20180727,15.0000,16.3500,15.0000,16.3500,4426340
HNG,20180730,17.0000,17.4500,16.8000,17.2500,3706310
HNG,20180731,17.2500,17.5500,16.4000,17.2500,4167730
HNG,20180801,17.2500,17.4000,16.0500,17.0000,2651820
HNG,20180802,16.5000,17.0500,16.5000,16.9500,2342160
HNG,20180803,17.2500,17.2500,16.8000,16.9500,1430300
HNG,20180806,17.4000,17.5000,16.1000,16.8500,1316020
HNG,20180807,16.8500,16.8500,15.9000,16.5000,1500350
HNG,20180808,16.1000,16.5000,15.9500,16.0000,1755960
HNG,20180809,16.9000,17.0500,15.5000,15.5000,5501540
HNG,20180810,15.5000,15.5000,14.4500,15.2000,7947920
HNG,20180813,15.0000,15.7500,14.8000,15.7500,1673540
HNG,20180814,15.7000,15.7500,15.2500,15.3500,1119550
HNG,20180815,15.0000,15.1000,14.6000,15.0000,2142530
HNG,20180816,14.8000,14.8000,14.5500,14.8000,953730
HNG,20180817,14.8000,14.8500,14.3500,14.4000,1229140
HNG,20180820,14.4000,15.4000,14.4000,15.4000,2433720
HNG,20180821,15.8000,16.2000,15.7000,15.9000,2330800
HNG,20180822,16.1500,16.1500,15.8000,15.9500,1134100
HNG,20180823,15.9000,15.9500,15.5500,15.9500,1065710
HNG,20180824,15.9500,15.9500,15.6500,15.9000,851450
HNG,20180827,16.0000,16.0000,15.7000,15.9500,939360
HNG,20180828,15.8000,16.0000,15.7000,15.9000,1207350
HNG,20180829,15.8500,16.8000,15.8500,16.7000,2644310
HNG,20180830,16.8000,17.2000,16.8000,17.1500,3030060
HNG,20180831,17.2000,17.9500,17.2000,17.9000,2395010
HNG,20180904,17.9000,18.4000,17.3000,17.9000,3222820
HNG,20180905,17.9000,18.0000,17.6000,17.9000,1962760
HNG,20180906,17.9000,17.9500,17.5500,17.7500,1846010
HNG,20180907,17.3500,17.6000,16.5500,16.6000,5330470
HNG,20180910,16.2000,16.8000,16.1500,16.5000,1474100
HNG,20180911,16.5000,17.2500,16.5000,17.1500,1094560
HNG,20180912,17.2500,17.5000,16.7000,16.9000,2582580
HNG,20180913,16.7000,16.9000,16.6500,16.9000,805130
HNG,20180914,16.9000,17.1000,16.6000,16.9000,880910
HNG,20180917,16.8500,16.9000,16.7000,16.8000,634290
HNG,20180918,16.7000,16.8000,16.5500,16.8000,889910
HNG,20180919,16.8000,16.9000,16.7000,16.8000,803490
HNG,20180920,16.8000,16.8000,16.5000,16.8000,2294320
HNG,20180921,16.7000,16.9000,16.7000,16.8000,856400
HNG,20180924,16.8000,16.8000,16.6000,16.6000,632130
HNG,20180925,16.4000,16.5000,16.0000,16.0000,1500270
HNG,20180926,16.2000,16.6500,16.1000,16.2000,884820
HNG,20180927,16.2000,16.6000,16.2000,16.6000,1038490
HNG,20180928,16.6000,17.2000,16.6000,17.1500,1506200
HNG,20181001,17.1500,17.4000,17.1000,17.2000,1700870
HNG,20181002,17.1000,17.2000,16.9500,17.0000,1056210
HNG,20181003,17.0000,17.1500,16.8000,16.8500,326070
HNG,20181004,16.9000,17.0000,16.8500,16.8500,436990
HNG,20181005,16.8000,16.8500,16.5500,16.5500,553530
HNG,20181008,16.5000,16.5500,16.0000,16.1000,1038990
HNG,20181009,16.1000,16.4000,16.1000,16.1000,513970
HNG,20181010,16.1000,16.2000,16.0000,16.0000,711590
HNG,20181011,15.5000,15.5000,14.9000,14.9000,2784930
HNG,20181012,14.7000,15.4000,14.4500,15.4000,1251720
HNG,20181015,15.3000,15.3000,14.7000,14.7000,648680
HNG,20181016,14.7000,15.0500,14.7000,15.0500,947340
HNG,20181017,15.0500,15.3500,14.9000,15.0500,405380
HNG,20181018,15.0000,15.0000,14.7000,15.0000,532240
HNG,20181019,14.9000,15.9000,14.7000,15.7000,978840
HNG,20181022,15.9000,15.9000,15.3000,15.7500,691870
HNG,20181023,15.5000,15.7000,15.0000,15.7000,929450
HNG,20181024,15.4500,15.5000,15.0000,15.0000,1566000
HNG,20181025,14.1000,15.0000,13.9500,15.0000,2874090
HNG,20181026,15.0000,15.0000,14.0500,14.9000,1363630
HNG,20181029,14.8000,14.8500,14.2500,14.8000,1130690
HNG,20181030,14.0500,14.9000,13.8000,13.8000,1202190
HNG,20181031,14.0000,14.3000,13.8000,14.2000,1440100
HNG,20181101,14.2000,14.2000,13.9000,14.1500,945330
HNG,20181102,14.0000,15.1000,14.0000,14.7500,10957770
HNG,20181105,14.7500,15.2500,14.7500,14.9500,6268900
HNG,20181106,15.0000,15.4500,15.0000,15.4500,2516710
HNG,20181107,15.5000,15.7000,15.3000,15.4500,848900
HNG,20181108,15.4500,15.6500,15.3000,15.6500,1150360
HNG,20181109,15.6000,16.4000,15.5500,16.3500,2892790
HNG,20181112,16.0000,16.4000,15.9000,16.3500,2236930
HNG,20181113,16.0500,16.3500,16.0500,16.3500,8072000
HNG,20181114,16.3000,16.3000,16.1500,16.3000,3206110
HNG,20181115,16.3000,16.8000,16.2500,16.6000,2410710
HNG,20181116,16.6000,16.6500,15.9500,15.9500,9383240
HNG,20181119,15.5000,16.5000,15.5000,16.5000,3274830
HNG,20181120,16.5000,16.5500,16.3500,16.4500,687960
HNG,20181121,16.3500,16.4000,16.1000,16.4000,778580
HNG,20181122,16.3000,16.4500,16.2500,16.3500,2979630
HNG,20181123,16.2500,16.3500,16.2500,16.3500,1379490
HNG,20181126,16.2500,16.4000,16.2500,16.3500,238250
HNG,20181127,16.3000,16.6500,16.3000,16.5000,1491560
HNG,20181128,16.5000,16.7000,16.4000,16.7000,1098070
HNG,20181129,16.5500,16.7000,16.0000,16.6000,1636330
HNG,20181130,16.5500,16.7000,16.2500,16.7000,2835030
HNG,20181203,16.7000,16.8000,16.6000,16.6000,528490
HNG,20181204,16.6000,16.6000,16.3000,16.4000,675980
HNG,20181205,16.1000,16.6000,16.1000,16.5000,454500
HNG,20181206,16.4500,16.5000,16.2500,16.5000,369470
HNG,20181207,16.4000,16.6500,16.4000,16.6000,719210
HNG,20181210,16.9000,17.3000,16.8000,17.0500,2809030
HNG,20181211,17.0500,17.1000,16.9000,16.9000,3382960
HNG,20181212,16.9500,17.0000,16.6000,16.8500,974030
HNG,20181213,16.8500,16.8500,16.6000,16.7000,1005870
HNG,20181214,16.9500,16.9500,16.6000,16.7500,700580
HNG,20181217,16.9000,16.9000,16.3000,16.3000,934140
HNG,20181218,16.0000,16.5000,16.0000,16.3000,1308700
HNG,20181219,16.3000,16.5000,16.2000,16.3000,1851500
HNG,20181220,16.3000,16.3000,15.9000,16.2500,1221380
HNG,20181221,16.2000,16.2500,15.7000,15.7000,2358730
HNG,20181224,15.7000,15.7500,14.6500,15.0500,1897350
HNG,20181225,15.0000,16.0500,14.5500,16.0500,1383770
HNG,20181226,16.0500,16.3500,15.3000,15.6500,1524810
HNG,20181227,15.6500,15.6500,15.1000,15.2500,607390
HNG,20181228,15.2500,16.2000,15.1000,16.0000,868460
HNG,20190102,15.6000,16.0000,15.6000,15.9000,279640
HNG,20190103,14.8500,15.8500,14.8500,15.5000,219940
HNG,20190104,15.2000,15.5000,15.1500,15.4000,491600
HNG,20190107,15.2000,15.5000,15.2000,15.3000,238520
HNG,20190108,15.4500,15.4500,15.1000,15.1000,88500
HNG,20190109,15.3000,15.3000,14.8000,14.8000,364010
HNG,20190110,14.8000,15.0000,14.5500,14.8000,357300
HNG,20190111,15.0000,15.2000,14.8500,14.8500,313070
HNG,20190114,14.9500,15.0000,13.8500,14.2000,406650
HNG,20190115,14.5000,14.7000,14.2000,14.3500,354160
HNG,20190116,14.3500,14.5000,14.2000,14.5000,459940
HNG,20190117,14.5000,14.5000,14.2000,14.2500,221840
HNG,20190118,14.2000,14.4000,14.1000,14.1000,197760
HNG,20190121,14.1000,14.2000,13.3000,13.3000,281280
HNG,20190122,13.3000,14.2000,13.3000,14.2000,1043390
HNG,20190123,14.2000,14.8000,14.2000,14.3000,119850
HNG,20190124,14.3000,14.5500,14.3000,14.5000,745040
HNG,20190125,14.5000,14.5000,14.0000,14.4000,171100
HNG,20190128,14.4000,14.5000,13.9000,14.4000,364690
HNG,20190129,14.4000,14.4000,13.9500,14.2000,188390
HNG,20190130,14.2000,14.2000,13.9000,14.2000,202900
HNG,20190131,13.6000,14.3000,13.6000,14.3000,405580
HNG,20190201,14.2500,14.6000,14.2500,14.4500,179260
HNG,20190211,14.6000,14.7500,14.3000,14.6000,266030
HNG,20190212,14.7500,15.1000,14.7000,15.1000,537510
HNG,20190213,15.1000,15.5500,15.1000,15.5000,2169470
HNG,20190214,15.5000,15.7000,15.0000,15.5000,1179640
HNG,20190215,15.5000,15.7000,15.0000,15.7000,5954840
HNG,20190218,15.4000,15.8000,15.1000,15.7000,631440
HNG,20190219,15.7000,15.8000,15.5500,15.5500,675700
HNG,20190220,15.5500,15.7000,15.4000,15.4000,499020
HNG,20190221,15.5000,15.7000,15.3000,15.6000,461000
HNG,20190222,15.5000,15.7000,15.5000,15.7000,301670
HNG,20190225,15.7000,16.1000,15.7000,15.8500,1471320
HNG,20190226,16.0000,16.0000,15.6500,15.6500,540600
HNG,20190227,15.6500,15.8000,15.6500,15.7000,294130
HNG,20190228,15.7000,15.7000,15.4500,15.6000,520530
HNG,20190301,15.6000,16.0000,15.5000,15.8500,423780
HNG,20190304,15.8500,15.8500,15.6500,15.7500,924910
HNG,20190305,15.7000,16.5000,15.7000,16.0000,1101760
HNG,20190306,16.0000,16.2000,15.8500,15.9000,440620
HNG,20190307,15.9000,16.0000,15.7000,15.8000,225860
HNG,20190308,15.8000,15.8000,15.6000,15.6000,318900
HNG,20190311,15.5500,15.7500,15.5000,15.5000,817220
HNG,20190312,15.4500,15.8000,15.0000,15.0000,940070
HNG,20190313,15.0500,15.5000,15.0500,15.1000,162480
HNG,20190314,15.2000,15.2000,15.0500,15.0500,97470
HNG,20190315,15.1000,15.1000,14.7000,15.0000,896730
HNG,20190318,14.8000,15.0000,14.8000,15.0000,254770
HNG,20190319,15.0000,15.0000,14.8500,15.0000,319200
HNG,20190320,15.0000,15.0000,14.8000,15.0000,249530
HNG,20190321,14.9000,15.0500,14.8500,15.0000,173790
HNG,20190322,15.0000,15.0500,14.9000,15.0000,212680
HNG,20190325,15.3000,16.0500,15.1000,16.0500,6056400
HNG,20190326,16.8000,16.8000,15.6000,15.9500,4455500
HNG,20190327,15.8000,16.0000,15.5000,15.6000,1085860
HNG,20190328,15.1000,15.6000,14.9000,15.5000,1151860
HNG,20190329,15.1000,15.5500,15.1000,15.5500,772910
HNG,20190401,15.3000,15.5500,15.2000,15.4500,647840
HNG,20190402,15.4500,15.6000,15.4000,15.5500,1532000
HNG,20190403,15.3500,15.4000,15.1000,15.1000,1026520
HNG,20190404,15.0000,15.4000,14.9000,15.3500,2288890
HNG,20190405,15.2000,15.5500,15.2000,15.3000,648210
HNG,20190408,15.3000,15.3000,15.1500,15.1500,206170
HNG,20190409,15.1500,15.3000,15.1000,15.1500,1066600
HNG,20190410,15.0000,15.2000,15.0000,15.1500,302240
HNG,20190411,15.1500,15.4000,15.0500,15.1500,310980
HNG,20190412,15.1000,15.2000,15.0000,15.1000,395470
HNG,20190416,14.9000,15.1000,14.8500,15.1000,333240
HNG,20190417,15.5000,16.1500,15.5000,15.6000,2767220
HNG,20190418,15.6500,15.6500,15.2500,15.3000,306730
HNG,20190419,15.3000,15.3000,15.2000,15.3000,220510
HNG,20190422,15.3000,15.8000,15.3000,15.3500,1489910
HNG,20190423,15.3500,15.5500,15.2500,15.4000,347550
HNG,20190424,15.4000,15.5000,15.3000,15.4000,334290
HNG,20190425,15.5500,15.8000,15.4000,15.4500,772840
HNG,20190426,15.5000,15.8500,15.5000,15.7000,1146540
HNG,20190502,15.5000,15.6500,15.4500,15.6000,2742630
HNG,20190503,15.4500,15.5500,15.4000,15.5000,437350
HNG,20190506,15.0500,15.3000,14.9000,15.2500,1121560
HNG,20190507,15.2500,15.4000,15.2000,15.3000,798560
HNG,20190508,15.3000,15.3000,15.0000,15.2500,413050
HNG,20190509,15.2500,15.2500,14.9500,15.0000,229380
HNG,20190510,15.0500,15.0500,14.9500,15.0000,109300
HNG,20190513,14.8000,15.2500,14.8000,15.2500,335800
HNG,20190514,15.2500,15.2500,14.9500,15.2500,352050
HNG,20190515,15.2500,15.2500,15.0000,15.2500,201470
HNG,20190516,15.2000,15.4500,15.1000,15.4500,221070
HNG,20190517,15.2500,15.5500,15.2500,15.4500,267130
HNG,20190520,15.4500,15.5000,15.4000,15.4500,163290
HNG,20190521,15.4000,15.4500,15.3500,15.3500,105880
HNG,20190522,15.4000,16.1000,15.4000,15.7500,941340
HNG,20190523,15.8000,15.8000,15.5500,15.7000,179460
HNG,20190524,15.7000,15.7500,15.5000,15.7000,429870
HNG,20190527,15.7000,15.7000,15.4000,15.4000,411940
HNG,20190528,15.4500,15.4500,15.0000,15.4000,754550
HNG,20190529,15.4000,15.4000,15.2000,15.4000,1164580
HNG,20190530,15.2000,15.3500,15.1500,15.3500,170720
HNG,20190531,15.3000,15.3500,15.1500,15.2000,158670
HNG,20190603,15.3000,15.3000,15.1000,15.1000,253260
HNG,20190604,15.1000,15.1500,14.8000,14.9000,488740
HNG,20190605,14.9000,15.1000,14.9000,15.0500,137380
HNG,20190606,15.1500,15.1500,14.9500,15.1000,172900
HNG,20190607,15.1500,15.3000,15.0500,15.3000,239390
HNG,20190610,15.1500,15.2500,15.1000,15.2500,169780
HNG,20190611,15.2500,15.3000,15.1500,15.3000,107610
HNG,20190612,15.3000,15.3000,15.1500,15.3000,93150
HNG,20190613,15.3000,15.3000,15.0000,15.3000,171200
HNG,20190614,15.2000,15.3000,15.1000,15.3000,128510
HNG,20190617,15.3000,15.3000,15.1500,15.2000,632520
HNG,20190618,15.2000,15.2000,15.0000,15.0000,533320
HNG,20190619,15.1000,15.3500,15.1000,15.3500,343610
HNG,20190620,15.3500,15.9000,15.3500,15.7500,1576990
HNG,20190621,15.7000,15.8000,15.6000,15.6000,3459890
HNG,20190624,15.7000,16.2000,15.6500,16.0000,2030400
HNG,20190625,16.0500,16.8000,16.0000,16.7500,2842150
HNG,20190626,16.6500,16.9000,16.3000,16.6000,1682400
HNG,20190627,16.5000,16.6500,16.3000,16.3000,889050
HNG,20190628,16.2000,17.3000,15.8000,17.1000,1545020
HNG,20190701,17.2000,17.6000,16.9000,17.1000,1316050
HNG,20190702,17.0000,17.2000,16.9500,17.1000,835080
HNG,20190703,17.0000,17.4500,17.0000,17.3500,649400
HNG,20190704,17.2000,18.4000,17.2000,17.9000,3723820
HNG,20190705,18.0000,18.0000,17.6500,17.9000,631940
HNG,20190708,17.9000,18.7000,17.9000,18.7000,1559270
HNG,20190709,18.5000,19.1500,18.3500,18.3500,1329270
HNG,20190710,18.4000,18.5000,18.3000,18.5000,683500
HNG,20190711,18.5000,19.0500,18.5000,19.0000,1534970
HNG,20190712,19.1000,19.1500,18.7500,18.8000,1096890
HNG,20190715,18.8000,19.1000,18.5000,18.8000,2067390
HNG,20190716,18.6500,18.8000,17.9000,18.1000,1702310
HNG,20190717,18.1000,18.2000,17.7000,18.1500,1102810
HNG,20190718,17.9500,18.4000,17.9500,18.1000,648510
HNG,20190719,18.1000,18.1000,17.9500,17.9500,479460
HNG,20190722,17.8000,18.0000,17.5500,18.0000,786670
HNG,20190723,18.1000,18.5000,18.1000,18.3000,440730
HNG,20190724,18.3500,18.3500,18.0000,18.0000,653400
HNG,20190725,17.8000,18.2000,17.8000,18.1500,651470
HNG,20190726,18.1500,18.2000,17.9000,17.9000,822920
HNG,20190729,17.7000,17.9000,17.6000,17.9000,622950
HNG,20190730,17.7000,18.3000,17.7000,17.8500,1785180
HNG,20190731,17.5000,18.0000,17.4500,17.9500,1518260
HNG,20190801,17.9500,17.9500,17.6500,17.9000,1082700
HNG,20190802,17.7000,17.7500,17.3500,17.5000,1166170
HNG,20190805,17.5000,17.7000,16.9500,17.7000,1481120
HNG,20190806,17.6000,18.5000,17.2500,18.2500,1086940
HNG,20190807,18.2500,18.3000,18.0500,18.2500,436040
HNG,20190808,18.1500,18.7000,18.0500,18.3500,1243700
HNG,20190809,18.4000,18.5000,18.2500,18.2500,783310
HNG,20190812,18.4500,18.4500,17.9500,18.2500,442460
HNG,20190813,18.0000,18.2500,17.8500,18.0000,574980
HNG,20190814,18.0000,18.9000,18.0000,18.6000,5266270
HNG,20190815,18.4000,18.6000,18.3000,18.4000,456970
HNG,20190816,18.5000,18.6000,18.3500,18.4500,623110
HNG,20190819,18.4000,18.4000,17.2000,18.0000,3494210
HNG,20190820,18.0000,18.5000,17.5000,18.1000,775040
HNG,20190821,18.0000,18.0000,17.8000,17.9000,369830
HNG,20190822,17.6000,17.8000,17.5500,17.5500,549590
HNG,20190823,17.6000,17.6000,17.1000,17.1500,995580
HNG,20190826,16.8000,17.0500,16.5000,17.0000,1219620
HNG,20190827,17.0000,17.2500,16.7000,16.7000,476310
HNG,20190828,16.7000,17.6000,16.5000,17.6000,825830
HNG,20190829,17.1000,17.4500,16.9000,17.3000,685140
HNG,20190830,17.3000,17.4500,17.0000,17.0000,402770
HNG,20190903,17.0000,17.1000,16.8000,17.0000,142550
HNG,20190904,17.0000,17.0000,16.9000,17.0000,325780
HNG,20190905,16.9000,17.3000,16.9000,17.1000,255550
HNG,20190906,17.4000,17.4000,17.1000,17.1500,268460
HNG,20190909,17.1000,17.1500,17.1000,17.1500,237710
HNG,20190910,17.2000,17.5000,17.0500,17.3000,1375640
HNG,20190911,17.5000,17.5000,17.1000,17.1000,1140990
HNG,20190912,17.2000,17.2000,16.5000,16.9500,1331270
HNG,20190913,16.9500,17.1000,16.5000,16.5000,570730
HNG,20190916,16.5000,16.5000,15.9500,16.5000,1103880
HNG,20190917,16.0000,16.8000,15.9000,16.8000,843290
HNG,20190918,16.7000,16.9500,16.5500,16.9500,344530
HNG,20190919,16.7500,16.8000,16.5000,16.5000,897270
HNG,20190920,16.5000,16.6000,16.3000,16.3000,313600
HNG,20190923,16.3000,16.5000,16.2000,16.4000,258630
HNG,20190924,16.4000,16.4000,16.0000,16.0000,373710
HNG,20190925,16.1000,16.1000,15.5000,15.5000,953610
HNG,20190926,15.8500,15.8500,15.3500,15.5000,476970
HNG,20190927,15.5000,15.7000,15.3500,15.4000,118730
HNG,20190930,15.4000,15.4000,15.1000,15.1500,421760
HNG,20191001,15.1500,15.6000,15.1000,15.6000,362500
HNG,20191002,15.6000,15.8000,15.1000,15.1000,391220
HNG,20191003,15.1000,15.5000,15.1000,15.1000,348180
HNG,20191004,15.1000,15.3000,15.0500,15.2000,312050
HNG,20191007,15.2000,15.5000,15.1000,15.2000,138660
HNG,20191008,15.3000,15.4000,15.1000,15.1000,137890
HNG,20191009,15.3000,15.3000,15.0500,15.0500,388360
HNG,20191010,15.0500,15.2000,15.0000,15.2000,458180
HNG,20191011,15.2500,15.2500,15.0500,15.2000,107070
HNG,20191014,15.2000,15.2500,15.0500,15.2500,254030
HNG,20191015,15.0500,15.2000,15.0500,15.2000,112630
HNG,20191016,15.0000,15.3000,15.0000,15.2000,92310
HNG,20191017,15.1000,15.2500,15.0500,15.2000,245900
HNG,20191018,15.0500,15.3000,15.0500,15.3000,72150
HNG,20191021,15.3000,15.5000,15.1000,15.3000,149090
HNG,20191022,15.3000,15.8000,15.2000,15.5500,595140
HNG,20191023,15.6500,15.6500,15.2500,15.2500,209380
HNG,20191024,15.2500,15.4000,15.2000,15.2500,130710
HNG,20191025,15.2500,15.2500,15.0000,15.0000,202760
HNG,20191028,15.1000,15.4000,14.9500,15.0000,572050
HNG,20191029,15.0000,15.1500,14.3500,14.9500,547070
HNG,20191030,14.9500,14.9500,14.5000,14.9500,601680
HNG,20191031,14.9500,15.0000,14.7000,14.9500,213590
HNG,20191101,14.9500,14.9500,14.7000,14.8000,462590
HNG,20191104,14.8500,14.8500,14.5000,14.7000,470810
HNG,20191105,14.5000,14.7000,14.3500,14.4500,1121480
HNG,20191106,14.0000,14.9000,14.0000,14.8500,892280
HNG,20191107,14.8500,14.9000,14.8000,14.9000,174380
HNG,20191108,14.6000,14.9000,14.6000,14.9000,488580
HNG,20191111,14.7000,14.9000,14.7000,14.7500,155850
HNG,20191112,14.9000,14.9000,14.6500,14.7500,271320
HNG,20191113,14.7000,14.8500,14.7000,14.7500,147930
HNG,20191114,14.7500,14.9000,14.7000,14.9000,201860
HNG,20191115,14.7000,14.8500,14.7000,14.8500,126510
HNG,20191118,14.8500,14.8500,14.7000,14.7000,114000
HNG,20191119,14.6000,14.7500,14.5500,14.7500,176010
HNG,20191120,14.7500,14.7500,14.6500,14.7500,255620
HNG,20191121,14.8000,14.8000,14.6500,14.7000,92040
HNG,20191122,14.6000,14.7000,14.6000,14.7000,275430
HNG,20191125,14.5500,14.7000,14.2000,14.6000,1018160
HNG,20191126,14.2000,14.6000,14.2000,14.5500,82420
HNG,20191127,14.4500,14.6000,14.3500,14.6000,191760
HNG,20191128,14.5500,14.6000,14.3500,14.5000,224340
HNG,20191129,14.5000,14.6000,14.3000,14.6000,198840
HNG,20191202,14.5500,14.5500,14.2500,14.5500,355670
HNG,20191203,14.5500,14.5500,14.2500,14.4500,369850
HNG,20191204,14.2500,14.5000,14.2500,14.5000,292120
HNG,20191205,14.5000,14.5000,14.3500,14.5000,68840
HNG,20191206,14.5000,14.5000,14.3500,14.5000,103990
HNG,20191209,14.5000,15.4500,14.4000,14.8000,2072540
HNG,20191210,15.0000,15.2500,14.5000,14.5000,74890
HNG,20191211,14.5000,14.9500,14.4500,14.4500,63840
HNG,20191212,14.4500,14.5000,14.3000,14.3000,129720
HNG,20191213,14.2000,14.5000,14.2000,14.2500,147650
HNG,20191216,14.2500,14.3000,14.2000,14.2500,93000
HNG,20191217,14.1500,14.5000,14.0000,14.5000,615160
HNG,20191218,14.5000,14.6000,14.4000,14.4000,1009370
HNG,20191219,14.4000,14.5000,14.1500,14.1500,43940
HNG,20191220,14.3000,14.3000,13.9500,14.2000,212570
HNG,20191223,14.1000,14.2000,14.1000,14.2000,208970
HNG,20191224,14.4000,14.4000,14.1000,14.1500,271010
HNG,20191225,14.2000,14.2000,14.0000,14.1500,65200
HNG,20191226,13.4000,14.2500,13.4000,14.1500,268850
HNG,20191227,14.3500,14.3500,14.0000,14.1500,34770
HNG,20191230,14.0000,14.2000,13.9500,14.0000,60560
HNG,20191231,13.9500,14.0000,13.8000,13.9000,152190
HNG,20200102,13.9000,14.5000,13.9000,14.0000,204830
HNG,20200103,14.1500,14.3000,14.0000,14.2000,355200
HNG,20200106,14.2000,14.2000,13.9500,14.2000,60450
HNG,20200107,14.2000,14.2000,13.9000,14.1500,437910
HNG,20200108,14.1500,14.1500,13.9000,14.0500,35600
HNG,20200109,14.1500,14.1500,13.8000,14.0500,238510
HNG,20200110,14.0000,14.1000,13.8500,14.0500,254800
HNG,20200113,14.0500,14.0500,13.9000,14.0000,21220
HNG,20200114,14.0000,14.0000,13.8500,14.0000,82040
HNG,20200115,14.0000,14.0000,13.8000,13.8500,207700
HNG,20200116,13.8500,13.9500,13.8000,13.9500,125570
HNG,20200117,14.0000,14.0000,13.9000,14.0000,293900
HNG,20200120,14.0000,14.0000,13.8000,13.8000,48740
HNG,20200121,13.9000,14.0500,13.8000,14.0500,227370
HNG,20200122,14.0500,14.0500,13.8000,14.0500,112540
HNG,20200130,13.9500,13.9500,13.7500,13.9000,36050
HNG,20200131,13.6000,13.6000,13.0500,13.5000,407230
HNG,20200203,13.0000,13.5000,12.6000,13.5000,1758540
HNG,20200204,13.5000,13.5000,13.1000,13.5000,314750
HNG,20200205,13.5000,13.5000,12.7000,12.7000,79900
HNG,20200206,13.5000,13.5500,13.1000,13.5500,689340
HNG,20200207,13.5000,13.5500,13.3000,13.5500,110980
HNG,20200210,13.5500,13.6000,13.3500,13.6000,139810
HNG,20200211,13.7500,13.7500,13.2000,13.6000,168880
HNG,20200212,13.6000,13.6000,13.3000,13.6000,256840
HNG,20200213,13.6000,13.6000,13.2000,13.6000,138950
HNG,20200214,13.6000,13.6000,13.2500,13.6000,140740
HNG,20200217,13.4000,13.6000,13.4000,13.5000,52180
HNG,20200218,13.4500,13.5000,13.4000,13.5000,101690
HNG,20200219,13.4000,13.4500,13.3500,13.4500,46230
HNG,20200220,13.4500,13.5000,13.3000,13.4500,26970
HNG,20200221,13.4000,13.6000,13.4000,13.6000,143900
HNG,20200224,13.6000,13.6000,13.1000,13.5000,149300
HNG,20200225,13.0000,13.4500,13.0000,13.4500,20670
HNG,20200226,13.1000,13.4500,13.1000,13.4000,83380
HNG,20200227,13.3500,13.4000,13.1500,13.4000,75120
HNG,20200228,13.4000,13.4000,13.0000,13.4000,601170
HNG,20200302,13.3000,13.5000,13.1500,13.4000,88300
HNG,20200303,13.4000,13.5000,13.2000,13.4000,149110
HNG,20200304,13.5000,13.5000,13.3000,13.4000,163350
HNG,20200305,13.4000,13.4000,13.3000,13.3500,19730
HNG,20200306,13.3500,13.4000,13.3000,13.4000,132590
HNG,20200309,13.4000,13.4000,12.8000,13.2000,216720
HNG,20200310,13.2000,13.2000,12.8000,13.2000,83310
HNG,20200311,13.2000,13.2000,12.8500,13.2000,165150
HNG,20200312,12.8500,13.0000,12.3000,13.0000,1071480
HNG,20200313,13.0000,13.0000,12.4000,12.9500,546030
HNG,20200316,12.9500,12.9500,12.7500,12.9500,418090
HNG,20200317,12.1500,12.9000,12.1500,12.7500,491450
HNG,20200318,12.8000,12.8500,12.6000,12.8500,379390
HNG,20200319,12.7000,12.8000,12.5000,12.8000,103080
HNG,20200320,12.4000,12.8000,12.4000,12.7000,200700
HNG,20200323,12.7000,12.7000,12.0000,12.7000,2739060
HNG,20200324,12.7000,12.7000,12.3000,12.7000,277000
HNG,20200325,12.7000,12.7000,12.5000,12.5000,35550
HNG,20200326,12.4000,12.6000,12.2000,12.2000,40070
HNG,20200327,12.2500,12.3000,11.7000,12.3000,201330
HNG,20200330,12.2000,12.2000,11.6500,12.2000,229240
HNG,20200331,12.0000,12.2000,11.5000,12.2000,341100
HNG,20200401,12.3000,12.5000,12.0000,12.5000,69520
HNG,20200403,12.6000,12.6000,12.2000,12.3000,185670
HNG,20200406,12.9000,12.9000,12.4000,12.7000,322540
HNG,20200407,12.9000,12.9000,12.5000,12.7500,39070
HNG,20200408,12.8500,12.8500,12.5000,12.7000,100100
HNG,20200409,12.5000,12.8000,12.3500,12.7000,177890
HNG,20200410,12.7000,12.7000,12.4000,12.7000,56950
HNG,20200413,12.7000,12.7000,12.3000,12.7000,393890
HNG,20200414,12.6000,12.6500,12.5000,12.6500,91240
HNG,20200415,12.6000,12.9000,12.6000,12.8000,223630
HNG,20200416,12.5500,12.7500,12.5000,12.7500,175840
HNG,20200417,12.7000,12.7500,12.6000,12.7500,71940
HNG,20200420,12.7000,12.8000,12.6500,12.7500,379400
HNG,20200421,12.7000,12.7500,12.4500,12.6500,226360
HNG,20200422,12.5000,12.7000,12.3000,12.7000,229430
HNG,20200423,12.5500,12.7000,12.5000,12.7000,65080
HNG,20200424,12.8000,13.5500,12.7500,12.8000,889660
HNG,20200427,12.8000,13.3000,12.8000,12.9500,214250
HNG,20200428,13.2000,13.2000,12.9000,13.0000,178070
HNG,20200429,12.9000,13.2000,12.8500,12.9000,108120
HNG,20200504,12.9500,12.9500,12.5000,12.9000,181770
HNG,20200505,12.9000,12.9500,12.7000,12.9500,81070
HNG,20200506,12.9000,12.9500,12.8000,12.9500,69840
HNG,20200507,12.8500,12.9500,12.7500,12.7500,113640
HNG,20200508,12.7500,12.9000,12.7000,12.9000,150690
HNG,20200511,13.8000,13.8000,12.9000,13.8000,2937980
HNG,20200512,14.0000,14.1000,13.7500,14.0000,610090
HNG,20200513,14.0000,14.2000,13.8000,14.0000,695240
HNG,20200514,13.8000,13.9000,13.4000,13.9000,765760
HNG,20200515,14.8000,14.8000,14.1000,14.4000,2271940
HNG,20200518,14.4500,14.5000,14.0000,14.2000,1280580
HNG,20200519,14.4000,14.4000,13.9500,14.0000,657200
HNG,20200520,13.8500,14.8500,13.8000,14.2000,1926900
HNG,20200521,14.3000,14.8000,14.2500,14.6000,836770
HNG,20200522,14.7000,14.7000,14.3500,14.5000,401260
HNG,20200525,14.2000,14.5000,14.2000,14.3500,515910
HNG,20200526,14.3000,14.4000,14.2000,14.4000,828200
HNG,20200527,14.5000,14.6000,14.3500,14.3500,768110
HNG,20200528,14.3500,14.5500,14.3500,14.3500,327410
HNG,20200529,14.3500,15.3500,14.3500,15.3500,1936780
HNG,20200601,15.6500,16.2000,15.4500,15.9500,1568490
HNG,20200602,16.1500,16.1500,15.0000,15.0000,1135330
HNG,20200603,15.0000,15.3500,14.6000,15.3000,822480
HNG,20200604,15.2500,15.7000,15.1000,15.3000,694540
HNG,20200605,15.3000,15.9500,15.0000,15.5000,898970
HNG,20200608,15.7500,15.9000,15.4500,15.7500,1162950
HNG,20200609,15.9500,16.8000,15.5500,16.2000,1139420
HNG,20200610,16.3000,16.5000,15.8500,16.5000,1188160
HNG,20200611,16.5000,16.5000,15.9500,16.0000,1509770
HNG,20200612,15.1000,15.8500,15.1000,15.5000,635210
HNG,20200615,15.6000,15.6000,14.4500,15.2000,1008600
HNG,20200616,15.2000,15.6500,15.0000,15.4000,439950
HNG,20200617,15.3000,15.6500,15.0500,15.3500,158150
HNG,20200618,15.3500,15.3500,15.0500,15.2000,99280
HNG,20200619,15.2000,15.6000,15.2000,15.4500,411280
HNG,20200622,15.6500,15.6500,15.4000,15.4000,380480
HNG,20200623,15.4000,15.9500,15.3000,15.7000,675530
HNG,20200624,15.6500,15.9500,15.5000,15.5000,1089490
HNG,20200625,15.5000,15.5000,15.3500,15.5000,155130
HNG,20200626,15.6000,15.8000,15.2000,15.3000,254240
HNG,20200629,15.3000,15.5000,15.2000,15.4000,371700
HNG,20200630,15.7000,15.8000,15.2000,15.3000,235150
HNG,20200701,15.5000,15.5000,15.2500,15.4000,96570
HNG,20200702,15.4500,15.4500,15.2000,15.4500,182980
HNG,20200703,15.5500,15.5500,15.4000,15.4000,398800
HNG,20200706,15.5000,15.5000,15.3000,15.4500,126830
HNG,20200707,15.4000,15.5000,15.0500,15.3500,776600
HNG,20200708,15.0500,15.4000,15.0500,15.4000,97480
HNG,20200709,15.3500,15.4500,15.2000,15.3000,295560
HNG,20200710,15.3000,15.6000,15.3000,15.3000,256830
HNG,20200713,15.5000,15.5500,15.3500,15.4500,98200
HNG,20200714,15.4500,15.4500,14.9000,15.4000,1091280
HNG,20200715,14.9000,15.4000,14.4000,14.4000,1024070
HNG,20200716,14.4000,14.7500,14.3000,14.3500,831420
HNG,20200717,14.3500,14.4500,13.6500,14.2000,546330
HNG,20200720,13.7000,14.2500,13.7000,13.7000,390100
HNG,20200721,14.0000,14.1000,13.7500,14.1000,601670
HNG,20200722,14.0000,14.1000,13.4000,13.8000,1665560
HNG,20200723,13.0000,13.7000,12.9500,13.0000,1646990
HNG,20200724,13.0000,13.2500,12.2000,12.5000,1006020
HNG,20200727,12.0000,12.3000,11.6500,11.6500,1379970
HNG,20200728,11.6500,12.1000,11.6500,12.0000,697980
HNG,20200729,12.0000,12.3000,11.2000,12.3000,1767360
HNG,20200730,12.3000,12.3000,12.0000,12.0000,245940
HNG,20200731,12.0000,12.0000,11.5000,11.9500,392440
HNG,20200803,11.9500,12.1500,11.6000,12.0000,960590
HNG,20200804,12.3000,12.3000,11.8000,11.8000,945220
HNG,20200805,11.8000,12.3000,11.7000,12.0500,752660
HNG,20200806,12.2000,12.2500,11.9000,12.2000,939860
HNG,20200807,12.2000,12.2000,12.0000,12.0500,806940
HNG,20200810,12.2500,12.2500,12.0000,12.0500,488530
HNG,20200811,12.0500,12.0500,11.9500,11.9500,521420
HNG,20200812,12.0000,12.0000,11.8000,11.9500,637100
HNG,20200813,12.0000,12.2500,11.9500,12.2000,625860
HNG,20200814,12.2500,12.3000,11.9500,12.2000,674100
HNG,20200817,12.1000,12.2000,11.9500,12.1000,260340
HNG,20200818,12.1000,12.1000,11.9000,12.0000,369580
HNG,20200819,12.0000,12.8000,11.9000,12.8000,1433930
HNG,20200820,12.8500,13.3500,12.6000,12.6000,1086510
HNG,20200821,12.5000,12.8500,12.4500,12.6000,459630
HNG,20200824,12.5000,12.6000,12.3000,12.4000,1547190
HNG,20200825,12.4000,12.5500,12.1500,12.3000,1848500
HNG,20200826,12.3000,12.7000,12.2000,12.3000,1242320
HNG,20200827,12.4500,12.5500,12.1500,12.2000,2185220
HNG,20200828,12.4000,12.4000,12.2000,12.2000,1572860
HNG,20200831,12.4500,12.5000,12.2000,12.2000,1376930
HNG,20200901,12.2000,12.3500,12.2000,12.2500,1069290
HNG,20200903,12.3000,12.3500,12.1000,12.1500,1528440
HNG,20200904,12.0000,12.1500,11.8500,12.0500,1930370
HNG,20200907,12.2000,12.8500,12.2000,12.6000,10111190
HNG,20200908,12.8500,12.9000,12.4500,12.5000,2311440
HNG,20200909,12.3500,12.8000,12.3500,12.5500,3090020
HNG,20200910,12.6500,12.7000,12.5000,12.5000,3214310
HNG,20200911,12.5000,12.6000,12.3500,12.3500,2645910
HNG,20200914,12.4000,12.5500,12.3000,12.3500,2284040
HNG,20200915,12.3500,12.4000,12.1000,12.1500,2955290
HNG,20200916,12.1500,12.2500,12.0500,12.1000,1634310
HNG,20200917,12.1000,12.2500,12.0500,12.1500,2110060
HNG,20200918,12.1500,12.3500,12.0500,12.2500,1995970
HNG,20200921,12.2500,12.3500,12.1000,12.1000,1990260
HNG,20200922,12.1000,12.2000,12.0000,12.1000,1961940
HNG,20200923,12.2000,12.2000,12.0500,12.2000,1480410
HNG,20200924,12.2000,12.2000,12.0500,12.1000,1318690
HNG,20200925,12.1500,12.2000,12.0500,12.1000,1349220
HNG,20200928,12.1000,12.1500,11.9500,12.0000,2247270
HNG,20200929,12.0500,12.1000,11.7500,11.7500,2508480
HNG,20200930,11.7500,11.9500,11.7500,11.8000,1254260
HNG,20201001,11.8500,11.9000,11.7000,11.8500,1483660
HNG,20201002,11.9000,11.9000,11.5000,11.9000,2123890
HNG,20201005,11.9500,12.3000,11.8000,12.1500,2987270
HNG,20201006,12.2500,12.2500,12.0000,12.0500,844790
HNG,20201007,12.0000,12.4500,11.9500,12.1500,2270600
HNG,20201008,12.3000,12.3500,12.1000,12.1500,3019010
HNG,20201009,12.1000,12.2000,12.1000,12.1000,837370
HNG,20201012,12.1000,12.1500,11.8000,11.8000,2142510
HNG,20201013,11.8000,11.9000,11.7000,11.8000,1181810
HNG,20201014,12.3500,12.4500,11.9500,11.9500,4622450
HNG,20201015,12.2000,12.2500,11.9000,12.0000,2158150
HNG,20201016,12.0000,12.1000,11.9000,11.9000,876990
HNG,20201019,11.9000,12.0000,11.8000,11.8000,1359510
HNG,20201020,11.8000,11.8500,11.7000,11.8000,1072040
HNG,20201021,11.8000,11.8500,11.6500,11.7000,1220820
HNG,20201022,11.7000,11.7000,11.5000,11.6500,2181810
HNG,20201023,11.6500,11.9000,11.6000,11.9000,3020490
HNG,20201026,12.0000,12.0000,11.6500,11.6500,1620890
HNG,20201027,11.6500,11.8000,11.5000,11.7000,872670
HNG,20201028,11.6000,11.6500,11.1000,11.5000,1816130
HNG,20201029,11.4000,11.4000,10.9000,10.9000,1900610
HNG,20201030,11.1500,11.2000,10.6000,10.9500,1932410
HNG,20201102,10.5500,11.0000,10.5500,11.0000,932040
HNG,20201103,11.0000,11.0000,10.8000,10.9000,670820
HNG,20201104,11.0000,11.0000,10.8000,10.9000,732120
HNG,20201105,10.8000,11.0000,10.8000,11.0000,574990
HNG,20201106,10.9000,11.0000,10.8000,10.8500,241470
HNG,20201109,10.8000,11.2000,10.8000,11.2000,1471450
HNG,20201110,11.2500,11.3500,11.1000,11.1500,2474820
HNG,20201111,11.1500,11.1500,10.9000,11.1000,1087260
HNG,20201112,11.1000,11.1000,10.9500,11.1000,643160
HNG,20201113,11.0000,11.0500,10.7500,10.8500,1124940
HNG,20201116,11.1000,11.2000,10.9000,11.0000,4324640
HNG,20201117,11.1000,11.1500,10.9500,11.0000,1670310
HNG,20201118,11.0500,11.1000,10.9000,11.0000,1168670
HNG,20201119,10.9500,11.1000,10.8500,11.0000,2000440
HNG,20201120,10.9500,11.7500,10.9500,11.7500,2456530
HNG,20201123,12.5000,12.5000,12.0500,12.3000,3670140
HNG,20201124,12.4500,12.8000,12.0500,12.5000,3959370
HNG,20201125,12.6000,13.3500,12.6000,13.3500,7082870
HNG,20201126,13.6000,14.2500,13.4500,14.2500,7866690
HNG,20201127,14.5000,14.7500,14.4500,14.5500,3938190
HNG,20201130,14.5500,14.9500,13.6500,14.7000,4412830
HNG,20201201,14.5000,14.5500,14.1000,14.5000,4543420
HNG,20201202,14.2000,14.4000,13.9000,13.9000,3204410
HNG,20201203,13.9500,14.1500,13.3000,13.9000,6975690
HNG,20201204,13.9000,14.8500,13.9000,14.7000,7291020
HNG,20201207,14.7000,14.8000,14.3000,14.4500,3539550
HNG,20201208,14.4500,14.4500,13.9000,14.0000,5008680
HNG,20201209,14.1500,14.1500,13.6000,13.8000,6889320
HNG,20201210,14.7500,14.7500,14.2000,14.4000,5832320
HNG,20201211,14.3000,14.6500,14.1500,14.4500,2705230
HNG,20201214,14.6000,14.6000,14.3000,14.4000,2983800
HNG,20201215,14.4000,14.5000,14.1500,14.2500,5863690
HNG,20201216,14.3500,15.2000,14.2500,15.2000,8313560
HNG,20201217,15.2000,15.3500,14.1500,14.6000,4597430
HNG,20201218,14.9500,14.9500,14.3000,14.6000,5541470
HNG,20201221,14.5000,14.7500,14.1000,14.6500,8956370
HNG,20201222,14.9000,15.1000,14.3500,14.9000,5433790
HNG,20201223,15.3000,15.4000,14.5500,14.7500,4999040
HNG,20201224,14.6000,14.7000,13.8000,14.2000,5643380
HNG,20201225,14.2000,14.4500,14.0500,14.2000,8284410
HNG,20201228,14.3000,14.7000,14.1000,14.2000,6989460
HNG,20201229,14.2000,14.3000,14.1000,14.2000,5173740
HNG,20201230,14.5500,14.9000,14.3000,14.5500,5595410
HNG,20201231,14.5500,14.6500,14.4500,14.5500,3180860
HNG,20210104,14.7000,15.1000,14.6000,14.9000,5963100
HNG,20210105,15.0000,15.6000,14.9000,15.5500,12364800
HNG,20210106,15.9000,16.3500,15.5500,16.1000,9919300
HNG,20210107,16.4000,17.2000,16.4000,17.2000,13280200
HNG,20210108,17.5000,17.5000,16.2000,16.9500,14529100
HNG,20210111,16.3000,16.9000,15.9500,16.3000,19443500
HNG,20210112,15.8000,16.2000,15.5000,16.1000,11885000
HNG,20210113,16.3000,16.5000,15.6000,16.0000,10938000
HNG,20210114,15.9500,16.0000,15.3500,15.5500,11250500
HNG,20210115,15.5000,16.0000,15.4500,15.7500,18895400
HNG,20210118,15.9000,16.0000,15.5000,15.5000,7795500
HNG,20210119,15.5000,15.5500,14.4500,14.4500,10866200
HNG,20210120,14.0000,14.4000,13.4500,14.0000,10757300
HNG,20210121,14.3500,14.7500,13.9500,14.7500,6469000
HNG,20210122,14.7500,14.7500,13.9500,14.3000,7622300
HNG,20210125,14.1000,14.2000,13.4500,13.5500,7903600
HNG,20210126,13.5500,13.5500,12.6500,12.7000,7284500
HNG,20210127,12.1000,12.6000,11.8500,12.0000,8370000
HNG,20210128,11.2000,11.5000,11.2000,11.2000,6385700
HNG,20210129,10.5000,11.6000,10.5000,11.2000,7109900
HNG,20210201,10.4500,11.2000,10.4500,10.4500,6529000
HNG,20210202,10.3500,10.8500,10.0500,10.6500,5370500
HNG,20210203,10.9000,11.2000,10.5000,11.2000,5012200
HNG,20210204,11.2000,11.3000,11.0000,11.1000,3582300
HNG,20210205,11.1000,11.2000,11.0000,11.1000,3023200
HNG,20210208,10.4500,11.2000,10.3500,10.4500,4869800
HNG,20210209,10.5000,11.1500,10.3500,11.1500,3824000
HNG,20210217,11.8000,11.9000,11.5500,11.9000,9110800
HNG,20210218,12.4500,12.6500,11.8500,12.4500,7353700
HNG,20210219,12.5000,12.8000,12.1000,12.5000,5507000
HNG,20210222,12.5000,12.5000,11.9500,12.1000,7851500
HNG,20210223,12.0000,12.0500,11.7000,11.7500,7676200
HNG,20210224,11.6000,11.8500,11.2000,11.4500,7434900
HNG,20210225,11.5000,11.6500,11.2500,11.4000,4134900
HNG,20210226,11.1000,12.1500,11.1000,11.5000,7483400
HNG,20210301,11.8000,11.8500,11.6000,11.6500,4192700
HNG,20210302,11.9000,11.9500,11.5500,11.6500,4199600
HNG,20210303,11.6500,11.9000,11.6000,11.7000,6890500
HNG,20210304,11.8000,11.9000,11.4000,11.5000,5265400
HNG,20210305,11.4000,11.5000,11.2500,11.3000,5163800
HNG,20210308,11.4500,11.8500,11.3000,11.6000,10580200
HNG,20210309,11.7000,11.9000,11.5000,11.7000,10961500
HNG,20210310,11.8000,12.5000,11.7000,12.5000,28277100
HNG,20210311,12.8000,12.8000,12.2500,12.4500,10298000
HNG,20210312,12.4500,12.4500,12.1500,12.3000,8204000
HNG,20210315,12.2000,12.8000,12.1000,12.5000,16009900
HNG,20210316,12.6000,12.7000,12.2500,12.5000,6795600
HNG,20210317,12.4000,12.5000,12.3000,12.3500,5186000
HNG,20210318,12.3000,12.3500,11.9000,12.0000,23314100
HNG,20210319,11.9500,12.4000,11.5000,12.3000,23014000
HNG,20210322,12.3000,12.3500,12.0000,12.1500,6086100
HNG,20210323,12.0000,12.1000,11.7000,11.8500,6869600
HNG,20210324,11.7000,11.8500,11.4000,11.5000,9717900
HNG,20210325,11.6000,11.7000,11.3000,11.4000,9425800
HNG,20210326,11.3000,11.4500,10.9500,11.2500,10044100
HNG,20210329,11.3000,11.8000,11.2000,11.6500,10544600
HNG,20210330,11.6500,11.6500,11.4000,11.5500,8665200
HNG,20210331,11.5500,11.8000,11.5000,11.6000,6623200
HNG,20210401,11.6000,11.7500,11.5500,11.6000,6811300
HNG,20210402,11.7500,12.1500,11.6000,12.0000,17345500
HNG,20210405,12.2000,12.3000,12.0000,12.1000,11977300
HNG,20210406,12.0000,12.1000,11.8000,11.8500,8874400
HNG,20210407,11.8000,12.2000,11.7000,12.0000,11921600
HNG,20210408,12.0000,12.2000,11.8500,12.0000,14055900
HNG,20210409,12.0000,12.5000,11.9500,12.2500,22069500
HNG,20210412,12.5000,13.1000,12.2000,13.1000,24465400
HNG,20210413,13.5000,13.6000,12.8500,13.0500,27942800
HNG,20210414,12.7000,13.1000,12.6000,12.9500,17698700
HNG,20210415,13.0000,13.3000,12.6500,12.6500,26125800
HNG,20210416,12.6000,12.6500,11.8500,12.2000,21936500
HNG,20210419,12.1000,12.5500,11.9000,12.3000,14515800
HNG,20210420,12.3000,12.4000,11.9000,12.0000,10741500
HNG,20210422,11.7500,11.9000,11.3000,11.3000,14048000
HNG,20210423,11.3000,11.8000,11.1500,11.6000,11281700
HNG,20210426,11.6500,11.8000,11.4000,11.5000,7920100
HNG,20210427,11.4500,11.6000,11.3000,11.4500,5743500
HNG,20210428,11.4000,11.6000,11.4000,11.5000,6293300
HNG,20210429,11.5000,11.6000,11.3000,11.5000,6011500
HNG,20210504,11.1000,11.3500,11.0500,11.2000,7656000
HNG,20210505,11.2000,11.4500,11.0500,11.2000,10909600
HNG,20210506,11.2000,11.3000,11.1000,11.1000,4636200
HNG,20210507,10.7000,11.1500,10.7000,10.7000,10200700
HNG,20210510,10.5000,10.7000,10.3000,10.6500,9969000
HNG,20210511,10.6500,10.9500,10.6500,10.7500,6536600
HNG,20210512,10.7000,11.5000,10.7000,11.5000,8803300
HNG,20210513,11.5000,11.8500,11.3500,11.3500,10030500
HNG,20210514,11.3500,11.4000,11.0000,11.0000,6849300
HNG,20210517,10.8000,10.9500,10.6500,10.7000,7647600
HNG,20210518,10.6500,10.7500,10.5000,10.6500,6286300
HNG,20210519,10.6500,10.9500,10.6500,10.7000,5410000
HNG,20210520,10.8000,10.8000,10.5000,10.6000,6060300
HNG,20210521,10.5000,10.7000,10.5000,10.5500,5551200
HNG,20210524,10.6500,10.7500,10.5000,10.6000,8094500
HNG,20210525,10.6000,10.7000,10.5500,10.6000,5602900
HNG,20210526,10.6000,11.2500,10.4500,11.0000,11722200
HNG,20210527,11.0000,11.2500,10.6000,10.7000,5629500
HNG,20210528,10.7000,10.7500,10.5500,10.6000,7759700
HNG,20210531,10.5000,10.6000,10.3500,10.5000,8600800
HNG,20210601,10.6500,10.7000,10.5000,10.5000,4970500
HNG,20210602,10.6000,11.0500,10.5500,10.9500,16502500
HNG,20210603,11.2000,11.6000,11.1000,11.2000,17325100
HNG,20210604,11.3000,11.5000,10.9000,11.0500,13457100
HNG,20210607,10.6500,10.9000,10.4500,10.6000,17460300
HNG,20210608,10.6000,10.9000,10.5000,10.6000,12311200
HNG,20210609,10.6000,10.7000,10.4500,10.5500,7890700
HNG,20210610,10.5000,10.5500,10.3500,10.4000,10074500
HNG,20210611,10.4000,10.5500,10.3000,10.3500,11082700
HNG,20210614,10.7000,10.8500,10.5500,10.7500,29663300
HNG,20210615,10.8000,10.8500,10.6500,10.8000,13681500
HNG,20210616,10.7000,11.3500,10.6500,11.0500,23238200
HNG,20210617,10.9000,11.0500,10.9000,11.0000,10048400
HNG,20210618,11.0000,11.1500,10.9000,11.0000,17661700
HNG,20210621,11.7500,11.7500,11.0000,11.7500,44664700
HNG,20210622,11.9000,11.9000,11.4500,11.4500,14517300
HNG,20210623,11.4500,11.4500,11.0500,11.1000,14095400
HNG,20210624,11.0500,11.3500,10.9500,11.0500,13507800
HNG,20210625,11.0500,11.2000,11.0000,11.0500,7756500
HNG,20210628,11.0500,11.1000,10.8500,10.8500,9796600
HNG,20210629,10.8500,11.2500,10.8000,10.9000,7779700
HNG,20210630,10.9500,11.0000,10.8000,10.8000,6446700
HNG,20210701,10.8000,10.9000,10.7500,10.8000,7442600
HNG,20210702,10.6500,10.9000,10.6000,10.6500,10911200
HNG,20210705,10.6500,10.6500,10.3500,10.4000,13886400
HNG,20210706,10.4000,10.7500,10.3000,10.3000,11863400
HNG,20210707,10.3000,10.3500,9.8000,9.9900,11640600
HNG,20210708,9.9900,10.2000,9.9700,9.9900,5823100
HNG,20210709,9.9500,10.0500,9.3000,9.3000,9731300
HNG,20210712,9.0000,9.2000,8.6500,8.6500,14661500
HNG,20210713,8.6500,8.8500,8.4900,8.7000,6357700
HNG,20210714,8.7900,9.0900,8.5800,8.7100,5513900
HNG,20210715,8.7200,8.9900,8.7000,8.9600,4739900
HNG,20210716,9.0000,9.0000,8.8500,8.8600,3126900
HNG,20210719,8.6000,8.6000,8.2400,8.2400,11675400
HNG,20210720,8.0500,8.2400,7.7900,8.1000,8374000
HNG,20210721,8.1500,8.1900,8.0700,8.1200,3491700
HNG,20210722,8.1100,8.6200,8.0900,8.4400,4657300
HNG,20210723,8.3500,8.4500,8.2500,8.2500,3691300
HNG,20210726,7.6800,8.5000,7.6800,8.0800,41613500
HNG,20210727,8.4700,8.4800,8.1000,8.1300,5877400
HNG,20210728,8.1000,8.1600,7.9000,7.9000,3592300
HNG,20210729,7.8000,7.8800,7.7100,7.7400,11638300
HNG,20210730,7.7600,7.8800,7.7200,7.7500,6168800
HNG,20210802,7.7800,7.7800,7.4200,7.4500,11719700
HNG,20210803,7.4500,7.4500,7.0100,7.1200,14973700
HNG,20210804,7.0600,7.5700,7.0500,7.5700,9964300
HNG,20210805,7.6000,7.9300,7.4800,7.7700,10292500
HNG,20210806,7.7700,7.7900,7.6300,7.6400,6984800
HNG,20210809,7.5500,7.6000,7.4100,7.6000,5303000
HNG,20210810,7.5200,7.9000,7.5200,7.8000,8737700
HNG,20210811,7.7500,7.8900,7.6300,7.6700,8459200
HNG,20210812,7.6100,7.7300,7.6100,7.6200,5331000
HNG,20210813,7.6200,7.6500,7.3200,7.4400,7889700
HNG,20210816,7.4100,7.5000,7.4000,7.4100,7057300
HNG,20210817,7.4100,7.4900,7.4000,7.4000,5684800
HNG,20210818,7.3800,7.5900,7.3800,7.4800,6098000
HNG,20210819,7.4900,7.5300,7.4100,7.5000,5049900
HNG,20210820,7.5000,7.5000,7.1100,7.2000,10140200
HNG,20210823,7.2000,7.2000,6.9000,6.9000,8677900
HNG,20210824,6.9000,7.0000,6.8000,6.8200,6161300
HNG,20210825,6.8200,6.8200,6.7000,6.7100,4618900
HNG,20210826,6.7000,7.1500,6.7000,6.9800,5261600
HNG,20210827,7.1000,7.3500,6.9100,7.3000,5572900
HNG,20210830,7.2900,7.4200,7.2000,7.2100,5998100
HNG,20210831,7.2100,7.2700,7.1100,7.1100,5057000
HNG,20210901,7.0500,7.1700,7.0500,7.0800,4259300
HNG,20210906,7.0900,7.2100,7.0800,7.1500,4987600
HNG,20210907,7.1500,7.2000,6.9800,6.9800,6188600
HNG,20210908,6.9400,6.9900,6.8200,6.8300,5944000
HNG,20210909,6.8000,6.9300,6.7600,6.8900,3530100
HNG,20210910,6.9400,7.2000,6.8300,7.0000,4648100
HNG,20210913,6.9500,7.1500,6.9500,7.1000,4856600
HNG,20210914,7.1000,7.1800,7.0300,7.0300,5125000
HNG,20210915,7.0100,7.1200,7.0000,7.0500,4090200
HNG,20210916,7.0500,7.1200,7.0400,7.0700,3943100
HNG,20210917,7.1200,7.5600,7.1100,7.5600,21645000
HNG,20210920,8.0700,8.0800,7.8600,8.0800,8908400
HNG,20210921,8.1000,8.4000,7.8600,8.1400,21542900
HNG,20210922,8.0500,8.3700,7.9200,8.2500,14667900
HNG,20210923,8.2400,8.3200,7.8000,7.8000,12548100
HNG,20210924,7.7000,7.9500,7.6100,7.7000,6949500
HNG,20210927,7.6800,7.7500,7.2000,7.2000,8583900
HNG,20210928,7.1900,7.3700,7.1000,7.2000,4654100
HNG,20210929,7.2100,7.3400,7.1500,7.2000,4413900
HNG,20210930,7.2100,7.3000,7.2100,7.2200,2594500
HNG,20211001,7.2200,7.2300,7.1000,7.1000,3895100
HNG,20211004,7.1000,7.3500,7.1000,7.2200,3912000
HNG,20211005,7.2000,7.2600,7.1800,7.2100,3364400
HNG,20211006,7.2200,7.6200,7.2200,7.4500,5560300
HNG,20211007,7.4600,7.4900,7.3000,7.3600,3312200
HNG,20211008,7.3800,7.6800,7.3600,7.4500,4105100
HNG,20211011,7.7000,7.7400,7.5500,7.6000,5081400
HNG,20211012,7.6000,7.6500,7.4700,7.4900,4630100
HNG,20211013,7.4900,7.6400,7.4900,7.5900,3394000
HNG,20211014,7.5400,7.9200,7.5400,7.7400,7402100
HNG,20211015,7.7900,7.8400,7.6000,7.6100,4653200
HNG,20211018,7.6200,7.7400,7.5400,7.5400,3497400
HNG,20211019,7.5400,7.5600,7.4000,7.4000,4390200
HNG,20211020,7.4600,7.5400,7.3500,7.4500,3885400
HNG,20211021,7.5000,7.6800,7.4800,7.4900,3812800
HNG,20211022,7.5800,7.6500,7.4800,7.4900,2918300
HNG,20211025,7.4900,7.5900,7.4500,7.4600,4406200
HNG,20211026,7.4600,7.4800,7.3600,7.4000,4400700
HNG,20211027,7.4500,7.5600,7.4100,7.4900,4330500
HNG,20211028,7.5000,7.6800,7.5000,7.6300,6618400
HNG,20211029,7.6400,7.6500,7.4800,7.5000,8116600
HNG,20211101,7.5500,7.9900,7.5400,7.8600,12052600
HNG,20211102,7.8800,8.0400,7.7700,7.7700,10112700
HNG,20211103,7.7800,7.8500,7.5700,7.5700,9386400
HNG,20211104,7.5100,7.7300,7.4700,7.5100,5543900
HNG,20211105,7.5900,7.9700,7.5500,7.8800,13191700
HNG,20211108,8.1000,8.4300,8.0700,8.4300,20374000
HNG,20211109,8.7000,8.7900,8.4500,8.5700,16585100
HNG,20211110,8.5600,8.7500,8.3500,8.6200,11129100
HNG,20211111,8.5700,8.9900,8.3800,8.8800,20321700
HNG,20211112,8.8800,9.1800,8.7000,9.1800,12520600
HNG,20211115,9.3300,9.8000,9.1500,9.6000,20412700
HNG,20211116,9.4000,9.7000,9.1000,9.1600,15344800
HNG,20211117,9.1100,9.2000,8.9400,9.0500,10049500
HNG,20211118,9.0600,9.4000,9.0600,9.2500,9643900
HNG,20211119,9.3900,9.5300,8.6200,8.9900,15377800
HNG,20211122,8.9900,8.9900,8.3700,8.3700,12871000
HNG,20211123,8.0100,8.3700,8.0100,8.2700,6913000
HNG,20211124,8.3900,8.5000,8.2500,8.2700,4900200
HNG,20211125,8.2800,8.4600,8.1300,8.3500,7313800
HNG,20211126,8.4900,8.4900,8.1800,8.2500,6417300
HNG,20211129,7.9100,8.7900,7.9100,8.7000,8757500
HNG,20211130,8.9500,9.1000,8.7000,8.8200,10272300
HNG,20211201,8.7100,9.0500,8.7000,8.8900,5890700
HNG,20211202,8.9500,9.2900,8.8900,9.0000,9747200
HNG,20211203,9.0000,9.1500,8.6000,8.6000,7792000
HNG,20211206,8.6500,8.7900,8.1500,8.4000,7187500
HNG,20211207,8.6000,8.8600,8.4000,8.7700,6943000
HNG,20211208,8.8800,9.3000,8.7800,9.1700,15606400
HNG,20211209,9.1800,9.8100,9.0000,9.8100,19465000
HNG,20211210,10.4500,10.4500,10.0500,10.2000,29791000
HNG,20211213,10.2000,10.9000,10.0000,10.9000,21642500
HNG,20211214,11.1000,11.5000,10.7000,11.2000,26078100
HNG,20211215,11.0000,11.4500,10.5000,10.6000,24046000
HNG,20211216,10.5000,11.2500,10.4500,11.1500,19282700
HNG,20211217,11.4000,11.6000,10.4000,10.4000,22789300
